id,scope,transitions,t1_cycle_type,t0_rank,t0_indegrees,t0_kernel,t0_kernel_sizes,collision_pair,collision_orbit,collision_orbit_size,conjugacy_canonical,automorphism_count,semigroup_size,semigroup_rank_profile,maps,endpoints,block_ranks,block_idempotent,b_equals_p_f,separating_starts,champion_separator,global_id
0,permutation_pool,"[[0,1],[1,2],[2,3],[3,4],[4,0]]",[5],5,"[1,1,1,1,1]","[[0],[1],[2],[3],[4]]","[1,1,1,1,1]",,[],0,"[[0,1],[1,2],[2,3],[3,4],[4,0]]",5,5,"{""5"":5}","{""A"":[2,3,4,0,1],""C"":[2,3,4,0,1],""B"":[2,3,4,0,1],""U"":[4,0,1,2,3],""V"":[4,0,1,2,3]}","{""A"":2,""C"":2,""B"":2,""U"":4,""V"":4}","{""A"":5,""C"":5,""B"":5,""U"":5,""V"":5}","{""A"":false,""C"":false,""B"":false,""U"":false,""V"":false}",True,[],False,8222
1,permutation_pool,"[[0,1],[1,2],[2,3],[4,0],[3,4]]","[1,4]",5,"[1,1,1,1,1]","[[0],[1],[2],[3],[4]]","[1,1,1,1,1]",,[],0,"[[0,1],[1,2],[2,3],[4,0],[3,4]]",1,120,"{""5"":120}","{""A"":[2,4,3,1,0],""C"":[2,3,4,0,1],""B"":[2,3,4,1,0],""U"":[4,0,1,3,2],""V"":[4,0,1,3,2]}","{""A"":2,""C"":2,""B"":2,""U"":4,""V"":4}","{""A"":5,""C"":5,""B"":5,""U"":5,""V"":5}","{""A"":false,""C"":false,""B"":false,""U"":false,""V"":false}",True,[],False,8246
2,permutation_pool,"[[0,1],[1,2],[3,0],[2,4],[4,3]]","[2,3]",5,"[1,1,1,1,1]","[[0],[1],[2],[3],[4]]","[1,1,1,1,1]",,[],0,"[[0,1],[1,2],[3,0],[2,4],[4,3]]",1,120,"{""5"":120}","{""A"":[3,4,1,2,0],""C"":[2,4,3,1,0],""B"":[2,4,1,3,0],""U"":[3,0,4,1,2],""V"":[3,0,4,1,2]}","{""A"":3,""C"":2,""B"":2,""U"":3,""V"":3}","{""A"":5,""C"":5,""B"":5,""U"":5,""V"":5}","{""A"":false,""C"":false,""B"":false,""U"":false,""V"":false}",True,[],False,8425
3,permutation_pool,"[[0,1],[1,2],[3,0],[4,3],[2,4]]","[1,1,3]",5,"[1,1,1,1,1]","[[0],[1],[2],[3],[4]]","[1,1,1,1,1]",,[],0,"[[0,1],[1,2],[3,0],[4,3],[2,4]]",1,60,"{""5"":60}","{""A"":[3,4,1,2,0],""C"":[2,3,4,0,1],""B"":[2,3,1,4,0],""U"":[4,0,3,1,2],""V"":[4,0,3,1,2]}","{""A"":3,""C"":2,""B"":2,""U"":4,""V"":4}","{""A"":5,""C"":5,""B"":5,""U"":5,""V"":5}","{""A"":false,""C"":false,""B"":false,""U"":false,""V"":false}",True,[],False,8541
4,permutation_pool,"[[0,1],[1,2],[3,3],[4,4],[2,0]]",[5],5,"[1,1,1,1,1]","[[0],[1],[2],[3],[4]]","[1,1,1,1,1]",,[],0,"[[0,1],[1,2],[3,3],[4,4],[2,0]]",1,60,"{""5"":60}","{""A"":[3,2,0,4,1],""C"":[2,4,3,1,0],""B"":[2,4,0,3,1],""U"":[3,0,2,1,4],""V"":[3,0,2,1,4]}","{""A"":3,""C"":2,""B"":2,""U"":3,""V"":3}","{""A"":5,""C"":5,""B"":5,""U"":5,""V"":5}","{""A"":false,""C"":false,""B"":false,""U"":false,""V"":false}",True,[],False,9237
5,permutation_pool,"[[0,1],[1,2],[3,4],[2,3],[4,0]]","[1,4]",5,"[1,1,1,1,1]","[[0],[1],[2],[3],[4]]","[1,1,1,1,1]",,[],0,"[[0,1],[1,2],[2,3],[4,0],[3,4]]",1,120,"{""5"":120}","{""A"":[3,2,0,4,1],""C"":[2,3,4,0,1],""B"":[2,3,0,4,1],""U"":[4,0,2,1,3],""V"":[4,0,2,1,3]}","{""A"":3,""C"":2,""B"":2,""U"":4,""V"":4}","{""A"":5,""C"":5,""B"":5,""U"":5,""V"":5}","{""A"":false,""C"":false,""B"":false,""U"":false,""V"":false}",True,[],False,9597
6,permutation_pool,"[[0,1],[2,0],[1,3],[3,4],[4,2]]","[2,3]",5,"[1,1,1,1,1]","[[0],[1],[2],[3],[4]]","[1,1,1,1,1]",,[],0,"[[0,1],[1,2],[3,0],[2,4],[4,3]]",1,120,"{""5"":120}","{""A"":[3,2,4,1,0],""C"":[3,4,1,2,0],""B"":[3,1,4,2,0],""U"":[2,4,0,1,3],""V"":[2,4,0,1,3]}","{""A"":3,""C"":3,""B"":3,""U"":2,""V"":2}","{""A"":5,""C"":5,""B"":5,""U"":5,""V"":5}","{""A"":false,""C"":false,""B"":false,""U"":false,""V"":false}",True,[],False,10199
7,permutation_pool,"[[0,1],[2,0],[1,3],[4,2],[3,4]]","[1,2,2]",5,"[1,1,1,1,1]","[[0],[1],[2],[3],[4]]","[1,1,1,1,1]",,[],0,"[[0,1],[2,0],[1,3],[4,2],[3,4]]",1,10,"{""5"":10}","{""A"":[4,2,3,0,1],""C"":[3,4,1,2,0],""B"":[3,1,4,0,2],""U"":[2,4,0,3,1],""V"":[2,4,0,3,1]}","{""A"":4,""C"":3,""B"":3,""U"":2,""V"":2}","{""A"":5,""C"":5,""B"":5,""U"":5,""V"":5}","{""A"":false,""C"":false,""B"":false,""U"":false,""V"":false}",True,[],False,10271
8,permutation_pool,"[[0,1],[2,0],[3,2],[1,4],[4,3]]","[1,2,2]",5,"[1,1,1,1,1]","[[0],[1],[2],[3],[4]]","[1,1,1,1,1]",,[],0,"[[0,1],[2,0],[3,2],[1,4],[4,3]]",1,60,"{""5"":60}","{""A"":[3,2,4,1,0],""C"":[2,4,3,1,0],""B"":[2,1,4,3,0],""U"":[3,4,0,1,2],""V"":[3,4,0,1,2]}","{""A"":3,""C"":2,""B"":2,""U"":3,""V"":3}","{""A"":5,""C"":5,""B"":5,""U"":5,""V"":5}","{""A"":false,""C"":false,""B"":false,""U"":false,""V"":false}",True,[],False,11050
9,permutation_pool,"[[0,1],[2,0],[3,2],[4,3],[1,4]]","[1,1,1,2]",5,"[1,1,1,1,1]","[[0],[1],[2],[3],[4]]","[1,1,1,1,1]",,[],0,"[[0,1],[2,0],[3,2],[4,3],[1,4]]",1,120,"{""5"":120}","{""A"":[3,2,4,1,0],""C"":[2,3,4,0,1],""B"":[2,1,3,4,0],""U"":[4,3,0,1,2],""V"":[4,3,0,1,2]}","{""A"":3,""C"":2,""B"":2,""U"":4,""V"":4}","{""A"":5,""C"":5,""B"":5,""U"":5,""V"":5}","{""A"":false,""C"":false,""B"":false,""U"":false,""V"":false}",True,[],False,11186
10,permutation_pool,"[[0,1],[2,0],[3,3],[4,4],[1,2]]","[2,3]",5,"[1,1,1,1,1]","[[0],[1],[2],[3],[4]]","[1,1,1,1,1]",,[],0,"[[0,1],[2,0],[3,3],[4,4],[1,2]]",1,120,"{""5"":120}","{""A"":[4,2,3,0,1],""C"":[3,2,0,4,1],""B"":[3,1,2,0,4],""U"":[4,2,0,3,1],""V"":[4,2,0,3,1]}","{""A"":4,""C"":3,""B"":3,""U"":4,""V"":4}","{""A"":5,""C"":5,""B"":5,""U"":5,""V"":5}","{""A"":false,""C"":false,""B"":false,""U"":false,""V"":false}",True,[],False,11434
11,permutation_pool,"[[0,1],[2,0],[3,4],[1,3],[4,2]]","[1,2,2]",5,"[1,1,1,1,1]","[[0],[1],[2],[3],[4]]","[1,1,1,1,1]",,[],0,"[[0,1],[2,0],[3,2],[1,4],[4,3]]",1,60,"{""5"":60}","{""A"":[4,2,3,0,1],""C"":[4,2,0,1,3],""B"":[4,1,2,0,3],""U"":[3,2,0,4,1],""V"":[3,2,0,4,1]}","{""A"":4,""C"":4,""B"":4,""U"":3,""V"":3}","{""A"":5,""C"":5,""B"":5,""U"":5,""V"":5}","{""A"":false,""C"":false,""B"":false,""U"":false,""V"":false}",True,[],False,11674
12,permutation_pool,"[[0,1],[2,2],[3,3],[1,4],[4,0]]",[5],5,"[1,1,1,1,1]","[[0],[1],[2],[3],[4]]","[1,1,1,1,1]",,[],0,"[[0,1],[1,2],[3,3],[4,4],[2,0]]",1,60,"{""5"":60}","{""A"":[1,4,3,0,2],""C"":[3,2,0,4,1],""B"":[3,4,2,0,1],""U"":[4,1,0,3,2],""V"":[4,1,0,3,2]}","{""A"":1,""C"":3,""B"":3,""U"":4,""V"":4}","{""A"":5,""C"":5,""B"":5,""U"":5,""V"":5}","{""A"":false,""C"":false,""B"":false,""U"":false,""V"":false}",True,[],False,15672
13,permutation_pool,"[[0,1],[2,2],[3,3],[4,0],[1,4]]","[1,4]",5,"[1,1,1,1,1]","[[0],[1],[2],[3],[4]]","[1,1,1,1,1]",,[],0,"[[0,1],[2,2],[3,3],[4,0],[1,4]]",1,120,"{""5"":120}","{""A"":[4,0,1,2,3],""C"":[3,4,1,2,0],""B"":[3,0,4,1,2],""U"":[2,3,0,4,1],""V"":[2,3,0,4,1]}","{""A"":4,""C"":3,""B"":3,""U"":2,""V"":2}","{""A"":5,""C"":5,""B"":5,""U"":5,""V"":5}","{""A"":false,""C"":false,""B"":false,""U"":false,""V"":false}",True,[],False,15736
14,permutation_pool,"[[0,1],[2,2],[3,4],[1,0],[4,3]]",[5],5,"[1,1,1,1,1]","[[0],[1],[2],[3],[4]]","[1,1,1,1,1]",,[],0,"[[0,1],[2,2],[3,4],[1,0],[4,3]]",1,60,"{""5"":60}","{""A"":[4,0,1,2,3],""C"":[4,3,1,0,2],""B"":[4,0,3,1,2],""U"":[2,4,0,3,1],""V"":[2,4,0,3,1]}","{""A"":4,""C"":4,""B"":4,""U"":2,""V"":2}","{""A"":5,""C"":5,""B"":5,""U"":5,""V"":5}","{""A"":false,""C"":false,""B"":false,""U"":false,""V"":false}",True,[],False,16000
15,permutation_pool,"[[0,1],[2,2],[3,4],[4,3],[1,0]]","[1,4]",5,"[1,1,1,1,1]","[[0],[1],[2],[3],[4]]","[1,1,1,1,1]",,[],0,"[[0,1],[2,2],[3,4],[4,3],[1,0]]",1,20,"{""5"":20}","{""A"":[1,4,3,0,2],""C"":[4,2,0,1,3],""B"":[4,3,2,0,1],""U"":[3,1,0,4,2],""V"":[3,1,0,4,2]}","{""A"":1,""C"":4,""B"":4,""U"":3,""V"":3}","{""A"":5,""C"":5,""B"":5,""U"":5,""V"":5}","{""A"":false,""C"":false,""B"":false,""U"":false,""V"":false}",True,[],False,16432
16,permutation_pool,"[[0,1],[2,3],[1,2],[3,4],[4,0]]","[1,4]",5,"[1,1,1,1,1]","[[0],[1],[2],[3],[4]]","[1,1,1,1,1]",,[],0,"[[0,1],[1,2],[2,3],[4,0],[3,4]]",1,120,"{""5"":120}","{""A"":[1,4,3,0,2],""C"":[2,3,4,0,1],""B"":[2,4,3,0,1],""U"":[4,1,0,2,3],""V"":[4,1,0,2,3]}","{""A"":1,""C"":2,""B"":2,""U"":4,""V"":4}","{""A"":5,""C"":5,""B"":5,""U"":5,""V"":5}","{""A"":false,""C"":false,""B"":false,""U"":false,""V"":false}",True,[],False,18547
17,permutation_pool,"[[0,1],[2,3],[1,2],[4,0],[3,4]]","[1,1,3]",5,"[1,1,1,1,1]","[[0],[1],[2],[3],[4]]","[1,1,1,1,1]",,[],0,"[[0,1],[2,3],[1,2],[4,0],[3,4]]",1,60,"{""5"":60}","{""A"":[1,3,4,2,0],""C"":[2,3,4,0,1],""B"":[2,4,3,1,0],""U"":[4,1,0,3,2],""V"":[4,1,0,3,2]}","{""A"":1,""C"":2,""B"":2,""U"":4,""V"":4}","{""A"":5,""C"":5,""B"":5,""U"":5,""V"":5}","{""A"":false,""C"":false,""B"":false,""U"":false,""V"":false}",True,[],False,18571
18,permutation_pool,"[[0,1],[2,3],[1,4],[3,0],[4,2]]","[2,3]",5,"[1,1,1,1,1]","[[0],[1],[2],[3],[4]]","[1,1,1,1,1]",,[],0,"[[0,1],[1,2],[3,0],[2,4],[4,3]]",1,120,"{""5"":120}","{""A"":[4,0,1,2,3],""C"":[4,2,0,1,3],""B"":[4,0,2,1,3],""U"":[3,4,0,2,1],""V"":[3,4,0,2,1]}","{""A"":4,""C"":4,""B"":4,""U"":3,""V"":3}","{""A"":5,""C"":5,""B"":5,""U"":5,""V"":5}","{""A"":false,""C"":false,""B"":false,""U"":false,""V"":false}",True,[],False,19299
19,permutation_pool,"[[0,1],[2,3],[1,4],[4,2],[3,0]]",[5],5,"[1,1,1,1,1]","[[0],[1],[2],[3],[4]]","[1,1,1,1,1]",,[],0,"[[0,1],[2,3],[1,4],[4,2],[3,0]]",1,60,"{""5"":60}","{""A"":[3,0,1,4,2],""C"":[4,2,0,1,3],""B"":[4,0,2,3,1],""U"":[3,4,0,1,2],""V"":[3,4,0,1,2]}","{""A"":3,""C"":4,""B"":4,""U"":3,""V"":3}","{""A"":5,""C"":5,""B"":5,""U"":5,""V"":5}","{""A"":false,""C"":false,""B"":false,""U"":false,""V"":false}",True,[],False,19467
20,permutation_pool,"[[0,1],[2,3],[3,2],[4,4],[1,0]]","[1,4]",5,"[1,1,1,1,1]","[[0],[1],[2],[3],[4]]","[1,1,1,1,1]",,[],0,"[[0,1],[2,3],[3,2],[4,4],[1,0]]",1,20,"{""5"":20}","{""A"":[3,0,1,4,2],""C"":[2,4,3,1,0],""B"":[2,0,4,3,1],""U"":[3,2,0,1,4],""V"":[3,2,0,1,4]}","{""A"":3,""C"":2,""B"":2,""U"":3,""V"":3}","{""A"":5,""C"":5,""B"":5,""U"":5,""V"":5}","{""A"":false,""C"":false,""B"":false,""U"":false,""V"":false}",True,[],False,21707
21,permutation_pool,"[[0,1],[2,3],[3,4],[4,0],[1,2]]","[2,3]",5,"[1,1,1,1,1]","[[0],[1],[2],[3],[4]]","[1,1,1,1,1]",,[],0,"[[0,1],[2,3],[3,4],[4,0],[1,2]]",1,120,"{""5"":120}","{""A"":[1,3,4,2,0],""C"":[4,3,1,0,2],""B"":[4,2,3,1,0],""U"":[2,1,0,3,4],""V"":[2,1,0,3,4]}","{""A"":1,""C"":4,""B"":4,""U"":2,""V"":2}","{""A"":5,""C"":5,""B"":5,""U"":5,""V"":5}","{""A"":false,""C"":false,""B"":false,""U"":false,""V"":false}",True,[],False,22459
22,permutation_pool,"[[0,1],[2,3],[4,2],[3,0],[1,4]]","[1,1,3]",5,"[1,1,1,1,1]","[[0],[1],[2],[3],[4]]","[1,1,1,1,1]",,[],0,"[[0,1],[1,2],[3,0],[4,3],[2,4]]",1,60,"{""5"":60}","{""A"":[4,0,1,2,3],""C"":[2,4,3,1,0],""B"":[2,0,4,1,3],""U"":[3,2,0,4,1],""V"":[3,2,0,4,1]}","{""A"":4,""C"":2,""B"":2,""U"":3,""V"":3}","{""A"":5,""C"":5,""B"":5,""U"":5,""V"":5}","{""A"":false,""C"":false,""B"":false,""U"":false,""V"":false}",True,[],False,24211
23,permutation_pool,"[[0,1],[2,3],[4,4],[3,2],[1,0]]",[5],5,"[1,1,1,1,1]","[[0],[1],[2],[3],[4]]","[1,1,1,1,1]",,[],0,"[[0,1],[2,2],[3,4],[1,0],[4,3]]",1,60,"{""5"":60}","{""A"":[1,4,3,0,2],""C"":[4,3,1,0,2],""B"":[4,2,3,0,1],""U"":[2,1,0,4,3],""V"":[2,1,0,4,3]}","{""A"":1,""C"":4,""B"":4,""U"":2,""V"":2}","{""A"":5,""C"":5,""B"":5,""U"":5,""V"":5}","{""A"":false,""C"":false,""B"":false,""U"":false,""V"":false}",True,[],False,25507
24,permutation_pool,"[[1,0],[0,2],[2,3],[3,4],[4,1]]","[1,4]",5,"[1,1,1,1,1]","[[0],[1],[2],[3],[4]]","[1,1,1,1,1]",,[],0,"[[0,1],[1,2],[2,3],[4,0],[3,4]]",1,120,"{""5"":120}","{""A"":[2,3,4,0,1],""C"":[3,2,4,1,0],""B"":[2,3,4,1,0],""U"":[4,1,0,2,3],""V"":[4,1,0,2,3]}","{""A"":2,""C"":3,""B"":2,""U"":4,""V"":4}","{""A"":5,""C"":5,""B"":5,""U"":5,""V"":5}","{""A"":false,""C"":false,""B"":false,""U"":false,""V"":false}",True,[],False,26248
25,permutation_pool,"[[1,0],[0,2],[2,3],[4,1],[3,4]]","[1,1,3]",5,"[1,1,1,1,1]","[[0],[1],[2],[3],[4]]","[1,1,1,1,1]",,[],0,"[[0,1],[2,3],[1,2],[4,0],[3,4]]",1,60,"{""5"":60}","{""A"":[2,4,3,1,0],""C"":[3,2,4,1,0],""B"":[2,3,4,0,1],""U"":[4,1,0,3,2],""V"":[4,1,0,3,2]}","{""A"":2,""C"":3,""B"":2,""U"":4,""V"":4}","{""A"":5,""C"":5,""B"":5,""U"":5,""V"":5}","{""A"":false,""C"":false,""B"":false,""U"":false,""V"":false}",True,[],False,26296
26,permutation_pool,"[[1,0],[0,2],[3,1],[2,4],[4,3]]","[1,2,2]",5,"[1,1,1,1,1]","[[0],[1],[2],[3],[4]]","[1,1,1,1,1]",,[],0,"[[0,1],[2,0],[1,3],[4,2],[3,4]]",1,10,"{""5"":10}","{""A"":[3,4,1,2,0],""C"":[4,2,3,0,1],""B"":[2,4,0,3,1],""U"":[3,1,4,0,2],""V"":[3,1,4,0,2]}","{""A"":3,""C"":4,""B"":2,""U"":3,""V"":3}","{""A"":5,""C"":5,""B"":5,""U"":5,""V"":5}","{""A"":false,""C"":false,""B"":false,""U"":false,""V"":false}",True,[],False,26675
27,permutation_pool,"[[1,0],[0,2],[3,1],[4,3],[2,4]]","[1,1,1,2]",5,"[1,1,1,1,1]","[[0],[1],[2],[3],[4]]","[1,1,1,1,1]",,[],0,"[[1,0],[0,2],[3,1],[4,3],[2,4]]",1,120,"{""5"":120}","{""A"":[3,4,1,2,0],""C"":[3,2,4,1,0],""B"":[2,3,0,4,1],""U"":[4,1,3,0,2],""V"":[4,1,3,0,2]}","{""A"":3,""C"":3,""B"":2,""U"":4,""V"":4}","{""A"":5,""C"":5,""B"":5,""U"":5,""V"":5}","{""A"":false,""C"":false,""B"":false,""U"":false,""V"":false}",True,[],False,26791
28,permutation_pool,"[[1,0],[0,2],[3,3],[4,4],[2,1]]","[1,4]",5,"[1,1,1,1,1]","[[0],[1],[2],[3],[4]]","[1,1,1,1,1]",,[],0,"[[1,0],[0,2],[3,3],[4,4],[2,1]]",1,120,"{""5"":120}","{""A"":[3,2,0,4,1],""C"":[4,2,3,0,1],""B"":[2,4,1,3,0],""U"":[3,1,2,0,4],""V"":[3,1,2,0,4]}","{""A"":3,""C"":4,""B"":2,""U"":3,""V"":3}","{""A"":5,""C"":5,""B"":5,""U"":5,""V"":5}","{""A"":false,""C"":false,""B"":false,""U"":false,""V"":false}",True,[],False,27263
29,permutation_pool,"[[1,0],[0,2],[3,4],[2,3],[4,1]]","[1,1,3]",5,"[1,1,1,1,1]","[[0],[1],[2],[3],[4]]","[1,1,1,1,1]",,[],0,"[[0,1],[2,3],[1,2],[4,0],[3,4]]",1,60,"{""5"":60}","{""A"":[3,2,0,4,1],""C"":[3,2,4,1,0],""B"":[2,3,1,4,0],""U"":[4,1,2,0,3],""V"":[4,1,2,0,3]}","{""A"":3,""C"":3,""B"":2,""U"":4,""V"":4}","{""A"":5,""C"":5,""B"":5,""U"":5,""V"":5}","{""A"":false,""C"":false,""B"":false,""U"":false,""V"":false}",True,[],False,27623
30,permutation_pool,"[[1,0],[2,1],[0,3],[3,4],[4,2]]","[1,1,3]",5,"[1,1,1,1,1]","[[0],[1],[2],[3],[4]]","[1,1,1,1,1]",,[],0,"[[0,1],[1,2],[3,0],[4,3],[2,4]]",1,60,"{""5"":60}","{""A"":[2,3,4,0,1],""C"":[3,4,1,2,0],""B"":[1,3,4,2,0],""U"":[4,2,0,1,3],""V"":[4,2,0,1,3]}","{""A"":2,""C"":3,""B"":1,""U"":4,""V"":4}","{""A"":5,""C"":5,""B"":5,""U"":5,""V"":5}","{""A"":false,""C"":false,""B"":false,""U"":false,""V"":false}",True,[],False,32399
31,permutation_pool,"[[1,0],[2,1],[0,3],[4,2],[3,4]]","[1,1,1,2]",5,"[1,1,1,1,1]","[[0],[1],[2],[3],[4]]","[1,1,1,1,1]",,[],0,"[[1,0],[0,2],[3,1],[4,3],[2,4]]",1,120,"{""5"":120}","{""A"":[2,4,3,1,0],""C"":[3,4,1,2,0],""B"":[1,3,4,0,2],""U"":[4,2,0,3,1],""V"":[4,2,0,3,1]}","{""A"":2,""C"":3,""B"":1,""U"":4,""V"":4}","{""A"":5,""C"":5,""B"":5,""U"":5,""V"":5}","{""A"":false,""C"":false,""B"":false,""U"":false,""V"":false}",True,[],False,32471
32,permutation_pool,"[[1,0],[2,1],[3,2],[0,4],[4,3]]","[1,1,1,2]",5,"[1,1,1,1,1]","[[0],[1],[2],[3],[4]]","[1,1,1,1,1]",,[],0,"[[0,1],[2,0],[3,2],[4,3],[1,4]]",1,120,"{""5"":120}","{""A"":[2,3,4,0,1],""C"":[2,4,3,1,0],""B"":[1,2,4,3,0],""U"":[4,3,0,1,2],""V"":[4,3,0,1,2]}","{""A"":2,""C"":2,""B"":1,""U"":4,""V"":4}","{""A"":5,""C"":5,""B"":5,""U"":5,""V"":5}","{""A"":false,""C"":false,""B"":false,""U"":false,""V"":false}",True,[],False,33450
33,permutation_pool,"[[1,0],[2,1],[3,2],[4,3],[0,4]]","[1,1,1,1,1]",5,"[1,1,1,1,1]","[[0],[1],[2],[3],[4]]","[1,1,1,1,1]",,[],0,"[[1,0],[2,1],[3,2],[4,3],[0,4]]",5,5,"{""5"":5}","{""A"":[2,3,4,0,1],""C"":[2,3,4,0,1],""B"":[1,2,3,4,0],""U"":[3,4,0,1,2],""V"":[3,4,0,1,2]}","{""A"":2,""C"":2,""B"":1,""U"":3,""V"":3}","{""A"":5,""C"":5,""B"":5,""U"":5,""V"":5}","{""A"":false,""C"":false,""B"":false,""U"":false,""V"":false}",True,[],False,33606
34,permutation_pool,"[[1,0],[2,1],[3,3],[4,4],[0,2]]","[1,1,3]",5,"[1,1,1,1,1]","[[0],[1],[2],[3],[4]]","[1,1,1,1,1]",,[],0,"[[1,0],[2,1],[3,3],[4,4],[0,2]]",1,60,"{""5"":60}","{""A"":[2,4,3,1,0],""C"":[3,2,0,4,1],""B"":[1,3,2,0,4],""U"":[2,4,0,3,1],""V"":[2,4,0,3,1]}","{""A"":2,""C"":3,""B"":1,""U"":2,""V"":2}","{""A"":5,""C"":5,""B"":5,""U"":5,""V"":5}","{""A"":false,""C"":false,""B"":false,""U"":false,""V"":false}",True,[],False,33854
35,permutation_pool,"[[1,0],[2,1],[3,4],[0,3],[4,2]]","[1,1,1,2]",5,"[1,1,1,1,1]","[[0],[1],[2],[3],[4]]","[1,1,1,1,1]",,[],0,"[[0,1],[2,0],[3,2],[4,3],[1,4]]",1,120,"{""5"":120}","{""A"":[2,4,3,1,0],""C"":[4,2,0,1,3],""B"":[1,4,2,0,3],""U"":[2,3,0,4,1],""V"":[2,3,0,4,1]}","{""A"":2,""C"":4,""B"":1,""U"":2,""V"":2}","{""A"":5,""C"":5,""B"":5,""U"":5,""V"":5}","{""A"":false,""C"":false,""B"":false,""U"":false,""V"":false}",True,[],False,33974
36,permutation_pool,"[[1,0],[2,2],[3,3],[0,4],[4,1]]","[1,4]",5,"[1,1,1,1,1]","[[0],[1],[2],[3],[4]]","[1,1,1,1,1]",,[],0,"[[0,1],[2,2],[3,3],[4,0],[1,4]]",1,120,"{""5"":120}","{""A"":[3,4,1,2,0],""C"":[4,0,1,2,3],""B"":[2,4,0,1,3],""U"":[1,3,4,0,2],""V"":[1,3,4,0,2]}","{""A"":3,""C"":4,""B"":2,""U"":1,""V"":1}","{""A"":5,""C"":5,""B"":5,""U"":5,""V"":5}","{""A"":false,""C"":false,""B"":false,""U"":false,""V"":false}",True,[],False,35873
37,permutation_pool,"[[1,0],[2,2],[3,3],[4,1],[0,4]]","[1,1,3]",5,"[1,1,1,1,1]","[[0],[1],[2],[3],[4]]","[1,1,1,1,1]",,[],0,"[[1,0],[2,1],[3,3],[4,4],[0,2]]",1,60,"{""5"":60}","{""A"":[3,2,0,4,1],""C"":[1,4,3,0,2],""B"":[2,1,4,3,0],""U"":[3,4,2,0,1],""V"":[3,4,2,0,1]}","{""A"":3,""C"":1,""B"":2,""U"":3,""V"":3}","{""A"":5,""C"":5,""B"":5,""U"":5,""V"":5}","{""A"":false,""C"":false,""B"":false,""U"":false,""V"":false}",True,[],False,35981
38,permutation_pool,"[[1,0],[2,2],[3,4],[0,1],[4,3]]","[1,4]",5,"[1,1,1,1,1]","[[0],[1],[2],[3],[4]]","[1,1,1,1,1]",,[],0,"[[0,1],[2,3],[3,2],[4,4],[1,0]]",1,20,"{""5"":20}","{""A"":[3,2,0,4,1],""C"":[1,3,4,2,0],""B"":[2,1,3,4,0],""U"":[4,3,2,0,1],""V"":[4,3,2,0,1]}","{""A"":3,""C"":1,""B"":2,""U"":4,""V"":4}","{""A"":5,""C"":5,""B"":5,""U"":5,""V"":5}","{""A"":false,""C"":false,""B"":false,""U"":false,""V"":false}",True,[],False,36125
39,permutation_pool,"[[1,0],[2,2],[3,4],[4,3],[0,1]]","[1,1,3]",5,"[1,1,1,1,1]","[[0],[1],[2],[3],[4]]","[1,1,1,1,1]",,[],0,"[[1,0],[2,2],[3,4],[4,3],[0,1]]",1,60,"{""5"":60}","{""A"":[3,4,1,2,0],""C"":[3,0,1,4,2],""B"":[2,3,0,1,4],""U"":[1,4,3,0,2],""V"":[1,4,3,0,2]}","{""A"":3,""C"":3,""B"":2,""U"":1,""V"":1}","{""A"":5,""C"":5,""B"":5,""U"":5,""V"":5}","{""A"":false,""C"":false,""B"":false,""U"":false,""V"":false}",True,[],False,36653
40,permutation_pool,"[[1,0],[2,3],[0,2],[3,4],[4,1]]","[1,1,3]",5,"[1,1,1,1,1]","[[0],[1],[2],[3],[4]]","[1,1,1,1,1]",,[],0,"[[0,1],[1,2],[3,0],[4,3],[2,4]]",1,60,"{""5"":60}","{""A"":[3,4,1,2,0],""C"":[4,0,3,1,2],""B"":[3,4,0,1,2],""U"":[1,2,4,0,3],""V"":[1,2,4,0,3]}","{""A"":3,""C"":4,""B"":3,""U"":1,""V"":1}","{""A"":5,""C"":5,""B"":5,""U"":5,""V"":5}","{""A"":false,""C"":false,""B"":false,""U"":false,""V"":false}",True,[],False,37248
41,permutation_pool,"[[1,0],[2,3],[0,2],[4,1],[3,4]]","[1,1,1,2]",5,"[1,1,1,1,1]","[[0],[1],[2],[3],[4]]","[1,1,1,1,1]",,[],0,"[[1,0],[0,2],[3,1],[4,3],[2,4]]",1,120,"{""5"":120}","{""A"":[4,3,1,0,2],""C"":[4,0,3,1,2],""B"":[3,4,0,2,1],""U"":[1,2,4,3,0],""V"":[1,2,4,3,0]}","{""A"":4,""C"":4,""B"":3,""U"":1,""V"":1}","{""A"":5,""C"":5,""B"":5,""U"":5,""V"":5}","{""A"":false,""C"":false,""B"":false,""U"":false,""V"":false}",True,[],False,37296
42,permutation_pool,"[[1,0],[2,3],[0,4],[3,1],[4,2]]","[1,2,2]",5,"[1,1,1,1,1]","[[0],[1],[2],[3],[4]]","[1,1,1,1,1]",,[],0,"[[0,1],[2,0],[3,2],[1,4],[4,3]]",1,60,"{""5"":60}","{""A"":[3,2,0,4,1],""C"":[1,2,3,4,0],""B"":[3,1,2,4,0],""U"":[4,2,3,0,1],""V"":[4,2,3,0,1]}","{""A"":3,""C"":1,""B"":3,""U"":4,""V"":4}","{""A"":5,""C"":5,""B"":5,""U"":5,""V"":5}","{""A"":false,""C"":false,""B"":false,""U"":false,""V"":false}",True,[],False,38024
43,permutation_pool,"[[1,0],[2,3],[0,4],[4,2],[3,1]]","[1,4]",5,"[1,1,1,1,1]","[[0],[1],[2],[3],[4]]","[1,1,1,1,1]",,[],0,"[[1,0],[2,3],[0,4],[4,2],[3,1]]",1,120,"{""5"":120}","{""A"":[4,2,0,1,3],""C"":[1,2,3,4,0],""B"":[3,1,2,0,4],""U"":[4,2,3,1,0],""V"":[4,2,3,1,0]}","{""A"":4,""C"":1,""B"":3,""U"":4,""V"":4}","{""A"":5,""C"":5,""B"":5,""U"":5,""V"":5}","{""A"":false,""C"":false,""B"":false,""U"":false,""V"":false}",True,[],False,38168
44,permutation_pool,"[[1,0],[2,3],[3,2],[4,4],[0,1]]","[1,1,3]",5,"[1,1,1,1,1]","[[0],[1],[2],[3],[4]]","[1,1,1,1,1]",,[],0,"[[1,0],[2,2],[3,4],[4,3],[0,1]]",1,60,"{""5"":60}","{""A"":[4,2,0,1,3],""C"":[1,4,0,2,3],""B"":[3,1,4,0,2],""U"":[2,4,3,1,0],""V"":[2,4,3,1,0]}","{""A"":4,""C"":1,""B"":3,""U"":2,""V"":2}","{""A"":5,""C"":5,""B"":5,""U"":5,""V"":5}","{""A"":false,""C"":false,""B"":false,""U"":false,""V"":false}",True,[],False,41928
45,permutation_pool,"[[1,0],[2,3],[3,4],[4,1],[0,2]]","[1,2,2]",5,"[1,1,1,1,1]","[[0],[1],[2],[3],[4]]","[1,1,1,1,1]",,[],0,"[[1,0],[2,3],[3,4],[4,1],[0,2]]",1,60,"{""5"":60}","{""A"":[4,3,1,0,2],""C"":[2,0,4,1,3],""B"":[3,2,0,4,1],""U"":[1,4,2,3,0],""V"":[1,4,2,3,0]}","{""A"":4,""C"":2,""B"":3,""U"":1,""V"":1}","{""A"":5,""C"":5,""B"":5,""U"":5,""V"":5}","{""A"":false,""C"":false,""B"":false,""U"":false,""V"":false}",True,[],False,42704
46,permutation_pool,"[[1,0],[2,3],[4,2],[3,1],[0,4]]","[1,1,1,2]",5,"[1,1,1,1,1]","[[0],[1],[2],[3],[4]]","[1,1,1,1,1]",,[],0,"[[0,1],[2,0],[3,2],[4,3],[1,4]]",1,120,"{""5"":120}","{""A"":[3,2,0,4,1],""C"":[1,4,0,2,3],""B"":[3,1,4,2,0],""U"":[2,4,3,0,1],""V"":[2,4,3,0,1]}","{""A"":3,""C"":1,""B"":3,""U"":2,""V"":2}","{""A"":5,""C"":5,""B"":5,""U"":5,""V"":5}","{""A"":false,""C"":false,""B"":false,""U"":false,""V"":false}",True,[],False,44456
47,permutation_pool,"[[1,0],[2,3],[4,4],[3,2],[0,1]]","[1,4]",5,"[1,1,1,1,1]","[[0],[1],[2],[3],[4]]","[1,1,1,1,1]",,[],0,"[[0,1],[2,2],[3,4],[4,3],[1,0]]",1,20,"{""5"":20}","{""A"":[3,4,1,2,0],""C"":[2,0,4,1,3],""B"":[3,2,0,1,4],""U"":[1,4,2,0,3],""V"":[1,4,2,0,3]}","{""A"":3,""C"":2,""B"":3,""U"":1,""V"":1}","{""A"":5,""C"":5,""B"":5,""U"":5,""V"":5}","{""A"":false,""C"":false,""B"":false,""U"":false,""V"":false}",True,[],False,45728
48,permutation_pool,"[[1,1],[2,2],[0,3],[3,4],[4,0]]",[5],5,"[1,1,1,1,1]","[[0],[1],[2],[3],[4]]","[1,1,1,1,1]",,[],0,"[[0,1],[1,2],[3,3],[4,4],[2,0]]",1,60,"{""5"":60}","{""A"":[3,2,4,1,0],""C"":[1,4,3,0,2],""B"":[3,1,4,0,2],""U"":[0,4,2,1,3],""V"":[0,4,2,1,3]}","{""A"":3,""C"":1,""B"":3,""U"":0,""V"":0}","{""A"":5,""C"":5,""B"":5,""U"":5,""V"":5}","{""A"":false,""C"":false,""B"":false,""U"":false,""V"":false}",True,[],False,54822
49,permutation_pool,"[[1,1],[2,2],[0,3],[4,0],[3,4]]","[1,4]",5,"[1,1,1,1,1]","[[0],[1],[2],[3],[4]]","[1,1,1,1,1]",,[],0,"[[1,0],[0,2],[3,3],[4,4],[2,1]]",1,120,"{""5"":120}","{""A"":[4,2,3,0,1],""C"":[1,4,3,0,2],""B"":[3,1,4,2,0],""U"":[0,4,2,3,1],""V"":[0,4,2,3,1]}","{""A"":4,""C"":1,""B"":3,""U"":0,""V"":0}","{""A"":5,""C"":5,""B"":5,""U"":5,""V"":5}","{""A"":false,""C"":false,""B"":false,""U"":false,""V"":false}",True,[],False,54846
50,permutation_pool,"[[1,1],[2,2],[3,0],[0,4],[4,3]]","[2,3]",5,"[1,1,1,1,1]","[[0],[1],[2],[3],[4]]","[1,1,1,1,1]",,[],0,"[[0,1],[2,0],[3,3],[4,4],[1,2]]",1,120,"{""5"":120}","{""A"":[1,4,3,0,2],""C"":[4,2,3,0,1],""B"":[0,4,2,3,1],""U"":[4,1,3,0,2],""V"":[4,1,3,0,2]}","{""A"":1,""C"":4,""B"":0,""U"":4,""V"":4}","{""A"":5,""C"":5,""B"":5,""U"":5,""V"":5}","{""A"":false,""C"":false,""B"":false,""U"":false,""V"":false}",True,[],False,55425
51,permutation_pool,"[[1,1],[2,2],[3,0],[4,3],[0,4]]","[1,1,3]",5,"[1,1,1,1,1]","[[0],[1],[2],[3],[4]]","[1,1,1,1,1]",,[],0,"[[1,0],[2,1],[3,3],[4,4],[0,2]]",1,60,"{""5"":60}","{""A"":[1,4,3,0,2],""C"":[3,2,4,1,0],""B"":[0,3,2,4,1],""U"":[3,1,4,0,2],""V"":[3,1,4,0,2]}","{""A"":1,""C"":3,""B"":0,""U"":3,""V"":3}","{""A"":5,""C"":5,""B"":5,""U"":5,""V"":5}","{""A"":false,""C"":false,""B"":false,""U"":false,""V"":false}",True,[],False,55581
52,permutation_pool,"[[1,1],[2,2],[3,3],[4,4],[0,0]]",[5],5,"[1,1,1,1,1]","[[0],[1],[2],[3],[4]]","[1,1,1,1,1]",,[],0,"[[1,1],[2,2],[3,3],[4,4],[0,0]]",5,5,"{""5"":5}","{""A"":[4,0,1,2,3],""C"":[4,0,1,2,3],""B"":[3,4,0,1,2],""U"":[2,3,4,0,1],""V"":[2,3,4,0,1]}","{""A"":4,""C"":4,""B"":3,""U"":2,""V"":2}","{""A"":5,""C"":5,""B"":5,""U"":5,""V"":5}","{""A"":false,""C"":false,""B"":false,""U"":false,""V"":false}",True,[],False,56277
53,permutation_pool,"[[1,1],[2,2],[3,4],[0,3],[4,0]]","[1,4]",5,"[1,1,1,1,1]","[[0],[1],[2],[3],[4]]","[1,1,1,1,1]",,[],0,"[[0,1],[2,2],[3,3],[4,0],[1,4]]",1,120,"{""5"":120}","{""A"":[4,0,1,2,3],""C"":[3,0,1,4,2],""B"":[4,3,0,1,2],""U"":[2,4,3,0,1],""V"":[2,4,3,0,1]}","{""A"":4,""C"":3,""B"":4,""U"":2,""V"":2}","{""A"":5,""C"":5,""B"":5,""U"":5,""V"":5}","{""A"":false,""C"":false,""B"":false,""U"":false,""V"":false}",True,[],False,56397
54,permutation_pool,"[[1,1],[2,3],[0,0],[3,4],[4,2]]",[5],5,"[1,1,1,1,1]","[[0],[1],[2],[3],[4]]","[1,1,1,1,1]",,[],0,"[[0,1],[1,2],[3,3],[4,4],[2,0]]",1,60,"{""5"":60}","{""A"":[1,4,3,0,2],""C"":[4,3,0,2,1],""B"":[0,4,3,2,1],""U"":[4,1,2,0,3],""V"":[4,1,2,0,3]}","{""A"":1,""C"":4,""B"":0,""U"":4,""V"":4}","{""A"":5,""C"":5,""B"":5,""U"":5,""V"":5}","{""A"":false,""C"":false,""B"":false,""U"":false,""V"":false}",True,[],False,57024
55,permutation_pool,"[[1,1],[2,3],[0,0],[4,2],[3,4]]","[1,4]",5,"[1,1,1,1,1]","[[0],[1],[2],[3],[4]]","[1,1,1,1,1]",,[],0,"[[1,0],[0,2],[3,3],[4,4],[2,1]]",1,120,"{""5"":120}","{""A"":[1,3,4,2,0],""C"":[4,3,0,2,1],""B"":[0,4,3,1,2],""U"":[4,1,2,3,0],""V"":[4,1,2,3,0]}","{""A"":1,""C"":4,""B"":0,""U"":4,""V"":4}","{""A"":5,""C"":5,""B"":5,""U"":5,""V"":5}","{""A"":false,""C"":false,""B"":false,""U"":false,""V"":false}",True,[],False,57096
56,permutation_pool,"[[1,1],[2,3],[0,4],[3,2],[4,0]]",[5],5,"[1,1,1,1,1]","[[0],[1],[2],[3],[4]]","[1,1,1,1,1]",,[],0,"[[0,1],[2,2],[3,4],[1,0],[4,3]]",1,60,"{""5"":60}","{""A"":[4,0,1,2,3],""C"":[2,0,4,1,3],""B"":[4,2,0,1,3],""U"":[3,4,2,0,1],""V"":[3,4,2,0,1]}","{""A"":4,""C"":2,""B"":4,""U"":3,""V"":3}","{""A"":5,""C"":5,""B"":5,""U"":5,""V"":5}","{""A"":false,""C"":false,""B"":false,""U"":false,""V"":false}",True,[],False,58272
57,permutation_pool,"[[1,1],[2,3],[0,4],[4,0],[3,2]]","[2,3]",5,"[1,1,1,1,1]","[[0],[1],[2],[3],[4]]","[1,1,1,1,1]",,[],0,"[[1,1],[2,3],[0,4],[4,0],[3,2]]",1,120,"{""5"":120}","{""A"":[3,0,1,4,2],""C"":[2,0,4,1,3],""B"":[4,2,0,3,1],""U"":[3,4,2,1,0],""V"":[3,4,2,1,0]}","{""A"":3,""C"":2,""B"":4,""U"":3,""V"":3}","{""A"":5,""C"":5,""B"":5,""U"":5,""V"":5}","{""A"":false,""C"":false,""B"":false,""U"":false,""V"":false}",True,[],False,58344
58,permutation_pool,"[[1,1],[2,3],[3,0],[4,4],[0,2]]",[5],5,"[1,1,1,1,1]","[[0],[1],[2],[3],[4]]","[1,1,1,1,1]",,[],0,"[[1,1],[2,3],[3,0],[4,4],[0,2]]",1,60,"{""5"":60}","{""A"":[1,3,4,2,0],""C"":[2,3,1,4,0],""B"":[0,2,3,1,4],""U"":[2,1,4,3,0],""V"":[2,1,4,3,0]}","{""A"":1,""C"":2,""B"":0,""U"":2,""V"":2}","{""A"":5,""C"":5,""B"":5,""U"":5,""V"":5}","{""A"":false,""C"":false,""B"":false,""U"":false,""V"":false}",True,[],False,61704
59,permutation_pool,"[[1,1],[2,3],[3,2],[0,4],[4,0]]","[1,4]",5,"[1,1,1,1,1]","[[0],[1],[2],[3],[4]]","[1,1,1,1,1]",,[],0,"[[0,1],[2,2],[3,4],[4,3],[1,0]]",1,20,"{""5"":20}","{""A"":[3,2,4,1,0],""C"":[1,4,0,2,3],""B"":[2,1,4,0,3],""U"":[0,4,3,1,2],""V"":[0,4,3,1,2]}","{""A"":3,""C"":1,""B"":2,""U"":0,""V"":0}","{""A"":5,""C"":5,""B"":5,""U"":5,""V"":5}","{""A"":false,""C"":false,""B"":false,""U"":false,""V"":false}",True,[],False,61972
60,permutation_pool,"[[1,1],[2,3],[3,2],[4,0],[0,4]]","[1,1,3]",5,"[1,1,1,1,1]","[[0],[1],[2],[3],[4]]","[1,1,1,1,1]",,[],0,"[[1,0],[2,2],[3,4],[4,3],[0,1]]",1,60,"{""5"":60}","{""A"":[3,0,1,4,2],""C"":[4,0,3,1,2],""B"":[2,4,0,3,1],""U"":[3,2,4,1,0],""V"":[3,2,4,1,0]}","{""A"":3,""C"":4,""B"":2,""U"":3,""V"":3}","{""A"":5,""C"":5,""B"":5,""U"":5,""V"":5}","{""A"":false,""C"":false,""B"":false,""U"":false,""V"":false}",True,[],False,62056
61,permutation_pool,"[[1,1],[2,3],[3,4],[0,0],[4,2]]","[2,3]",5,"[1,1,1,1,1]","[[0],[1],[2],[3],[4]]","[1,1,1,1,1]",,[],0,"[[0,1],[2,0],[3,3],[4,4],[1,2]]",1,120,"{""5"":120}","{""A"":[4,2,3,0,1],""C"":[1,2,3,4,0],""B"":[4,1,2,3,0],""U"":[0,2,3,4,1],""V"":[0,2,3,4,1]}","{""A"":4,""C"":1,""B"":4,""U"":0,""V"":0}","{""A"":5,""C"":5,""B"":5,""U"":5,""V"":5}","{""A"":false,""C"":false,""B"":false,""U"":false,""V"":false}",True,[],False,62424
62,permutation_pool,"[[1,1],[2,3],[4,0],[3,2],[0,4]]","[1,4]",5,"[1,1,1,1,1]","[[0],[1],[2],[3],[4]]","[1,1,1,1,1]",,[],0,"[[0,1],[2,3],[3,2],[4,4],[1,0]]",1,20,"{""5"":20}","{""A"":[1,4,3,0,2],""C"":[2,3,1,4,0],""B"":[0,2,3,4,1],""U"":[2,1,4,0,3],""V"":[2,1,4,0,3]}","{""A"":1,""C"":2,""B"":0,""U"":2,""V"":2}","{""A"":5,""C"":5,""B"":5,""U"":5,""V"":5}","{""A"":false,""C"":false,""B"":false,""U"":false,""V"":false}",True,[],False,63456
63,permutation_pool,"[[1,1],[2,3],[4,2],[0,0],[3,4]]","[1,1,3]",5,"[1,1,1,1,1]","[[0],[1],[2],[3],[4]]","[1,1,1,1,1]",,[],0,"[[1,0],[2,1],[3,3],[4,4],[0,2]]",1,60,"{""5"":60}","{""A"":[4,2,3,0,1],""C"":[1,4,0,2,3],""B"":[2,1,4,3,0],""U"":[0,4,3,2,1],""V"":[0,4,3,2,1]}","{""A"":4,""C"":1,""B"":2,""U"":0,""V"":0}","{""A"":5,""C"":5,""B"":5,""U"":5,""V"":5}","{""A"":false,""C"":false,""B"":false,""U"":false,""V"":false}",True,[],False,64296
64,permutation_pool,"[[1,1],[2,3],[4,2],[3,4],[0,0]]","[1,4]",5,"[1,1,1,1,1]","[[0],[1],[2],[3],[4]]","[1,1,1,1,1]",,[],0,"[[0,1],[2,2],[3,3],[4,0],[1,4]]",1,120,"{""5"":120}","{""A"":[4,0,1,2,3],""C"":[4,0,3,1,2],""B"":[2,4,0,1,3],""U"":[3,2,4,0,1],""V"":[3,2,4,0,1]}","{""A"":4,""C"":4,""B"":2,""U"":3,""V"":3}","{""A"":5,""C"":5,""B"":5,""U"":5,""V"":5}","{""A"":false,""C"":false,""B"":false,""U"":false,""V"":false}",True,[],False,64752
65,permutation_pool,"[[1,1],[2,3],[4,4],[0,2],[3,0]]",[5],5,"[1,1,1,1,1]","[[0],[1],[2],[3],[4]]","[1,1,1,1,1]",,[],0,"[[1,1],[2,3],[3,0],[4,4],[0,2]]",1,60,"{""5"":60}","{""A"":[3,2,4,1,0],""C"":[1,2,3,4,0],""B"":[4,1,2,0,3],""U"":[0,2,3,1,4],""V"":[0,2,3,1,4]}","{""A"":3,""C"":1,""B"":4,""U"":0,""V"":0}","{""A"":5,""C"":5,""B"":5,""U"":5,""V"":5}","{""A"":false,""C"":false,""B"":false,""U"":false,""V"":false}",True,[],False,65592
66,permutation_pool,"[[1,2],[0,1],[2,3],[3,4],[4,0]]","[1,4]",5,"[1,1,1,1,1]","[[0],[1],[2],[3],[4]]","[1,1,1,1,1]",,[],0,"[[0,1],[1,2],[2,3],[4,0],[3,4]]",1,120,"{""5"":120}","{""A"":[3,2,4,1,0],""C"":[2,3,4,0,1],""B"":[3,2,4,0,1],""U"":[0,4,1,2,3],""V"":[0,4,1,2,3]}","{""A"":3,""C"":2,""B"":3,""U"":0,""V"":0}","{""A"":5,""C"":5,""B"":5,""U"":5,""V"":5}","{""A"":false,""C"":false,""B"":false,""U"":false,""V"":false}",True,[],False,68897
67,permutation_pool,"[[1,2],[0,1],[2,3],[4,0],[3,4]]","[1,1,3]",5,"[1,1,1,1,1]","[[0],[1],[2],[3],[4]]","[1,1,1,1,1]",,[],0,"[[0,1],[2,3],[1,2],[4,0],[3,4]]",1,60,"{""5"":60}","{""A"":[4,2,3,0,1],""C"":[2,3,4,0,1],""B"":[3,2,4,1,0],""U"":[0,4,1,3,2],""V"":[0,4,1,3,2]}","{""A"":4,""C"":2,""B"":3,""U"":0,""V"":0}","{""A"":5,""C"":5,""B"":5,""U"":5,""V"":5}","{""A"":false,""C"":false,""B"":false,""U"":false,""V"":false}",True,[],False,68921
68,permutation_pool,"[[1,2],[0,1],[3,0],[2,4],[4,3]]","[1,2,2]",5,"[1,1,1,1,1]","[[0],[1],[2],[3],[4]]","[1,1,1,1,1]",,[],0,"[[0,1],[2,0],[1,3],[4,2],[3,4]]",1,10,"{""5"":10}","{""A"":[4,3,0,2,1],""C"":[2,4,3,1,0],""B"":[4,2,1,3,0],""U"":[0,3,4,1,2],""V"":[0,3,4,1,2]}","{""A"":4,""C"":2,""B"":4,""U"":0,""V"":0}","{""A"":5,""C"":5,""B"":5,""U"":5,""V"":5}","{""A"":false,""C"":false,""B"":false,""U"":false,""V"":false}",True,[],False,69100
69,permutation_pool,"[[1,2],[0,1],[3,0],[4,3],[2,4]]","[1,1,1,2]",5,"[1,1,1,1,1]","[[0],[1],[2],[3],[4]]","[1,1,1,1,1]",,[],0,"[[1,0],[0,2],[3,1],[4,3],[2,4]]",1,120,"{""5"":120}","{""A"":[4,3,0,2,1],""C"":[2,3,4,0,1],""B"":[3,2,1,4,0],""U"":[0,4,3,1,2],""V"":[0,4,3,1,2]}","{""A"":4,""C"":2,""B"":3,""U"":0,""V"":0}","{""A"":5,""C"":5,""B"":5,""U"":5,""V"":5}","{""A"":false,""C"":false,""B"":false,""U"":false,""V"":false}",True,[],False,69216
70,permutation_pool,"[[1,2],[0,1],[3,3],[4,4],[2,0]]","[1,4]",5,"[1,1,1,1,1]","[[0],[1],[2],[3],[4]]","[1,1,1,1,1]",,[],0,"[[1,0],[0,2],[3,3],[4,4],[2,1]]",1,120,"{""5"":120}","{""A"":[2,3,1,4,0],""C"":[2,4,3,1,0],""B"":[4,2,0,3,1],""U"":[0,3,2,1,4],""V"":[0,3,2,1,4]}","{""A"":2,""C"":2,""B"":4,""U"":0,""V"":0}","{""A"":5,""C"":5,""B"":5,""U"":5,""V"":5}","{""A"":false,""C"":false,""B"":false,""U"":false,""V"":false}",True,[],False,69912
71,permutation_pool,"[[1,2],[0,1],[3,4],[2,3],[4,0]]","[1,1,3]",5,"[1,1,1,1,1]","[[0],[1],[2],[3],[4]]","[1,1,1,1,1]",,[],0,"[[0,1],[2,3],[1,2],[4,0],[3,4]]",1,60,"{""5"":60}","{""A"":[2,3,1,4,0],""C"":[2,3,4,0,1],""B"":[3,2,0,4,1],""U"":[0,4,2,1,3],""V"":[0,4,2,1,3]}","{""A"":2,""C"":2,""B"":3,""U"":0,""V"":0}","{""A"":5,""C"":5,""B"":5,""U"":5,""V"":5}","{""A"":false,""C"":false,""B"":false,""U"":false,""V"":false}",True,[],False,70272
72,permutation_pool,"[[1,2],[0,3],[2,0],[3,4],[4,1]]","[2,3]",5,"[1,1,1,1,1]","[[0],[1],[2],[3],[4]]","[1,1,1,1,1]",,[],0,"[[0,1],[1,2],[3,0],[2,4],[4,3]]",1,120,"{""5"":120}","{""A"":[1,4,3,0,2],""C"":[4,0,3,1,2],""B"":[0,4,3,1,2],""U"":[4,2,1,0,3],""V"":[4,2,1,0,3]}","{""A"":1,""C"":4,""B"":0,""U"":4,""V"":4}","{""A"":5,""C"":5,""B"":5,""U"":5,""V"":5}","{""A"":false,""C"":false,""B"":false,""U"":false,""V"":false}",True,[],False,75898
73,permutation_pool,"[[1,2],[0,3],[2,0],[4,1],[3,4]]","[1,2,2]",5,"[1,1,1,1,1]","[[0],[1],[2],[3],[4]]","[1,1,1,1,1]",,[],0,"[[0,1],[2,0],[1,3],[4,2],[3,4]]",1,10,"{""5"":10}","{""A"":[1,3,4,2,0],""C"":[4,0,3,1,2],""B"":[0,4,3,2,1],""U"":[4,2,1,3,0],""V"":[4,2,1,3,0]}","{""A"":1,""C"":4,""B"":0,""U"":4,""V"":4}","{""A"":5,""C"":5,""B"":5,""U"":5,""V"":5}","{""A"":false,""C"":false,""B"":false,""U"":false,""V"":false}",True,[],False,75946
74,permutation_pool,"[[1,2],[0,3],[2,4],[3,1],[4,0]]","[2,3]",5,"[1,1,1,1,1]","[[0],[1],[2],[3],[4]]","[1,1,1,1,1]",,[],0,"[[0,1],[1,2],[3,0],[2,4],[4,3]]",1,120,"{""5"":120}","{""A"":[4,0,1,2,3],""C"":[1,4,0,2,3],""B"":[4,1,0,2,3],""U"":[3,4,1,0,2],""V"":[3,4,1,0,2]}","{""A"":4,""C"":1,""B"":4,""U"":3,""V"":3}","{""A"":5,""C"":5,""B"":5,""U"":5,""V"":5}","{""A"":false,""C"":false,""B"":false,""U"":false,""V"":false}",True,[],False,77122
75,permutation_pool,"[[1,2],[0,3],[2,4],[4,0],[3,1]]",[5],5,"[1,1,1,1,1]","[[0],[1],[2],[3],[4]]","[1,1,1,1,1]",,[],0,"[[0,1],[2,3],[1,4],[4,2],[3,0]]",1,60,"{""5"":60}","{""A"":[3,0,1,4,2],""C"":[1,4,0,2,3],""B"":[4,1,0,3,2],""U"":[3,4,1,2,0],""V"":[3,4,1,2,0]}","{""A"":3,""C"":1,""B"":4,""U"":3,""V"":3}","{""A"":5,""C"":5,""B"":5,""U"":5,""V"":5}","{""A"":false,""C"":false,""B"":false,""U"":false,""V"":false}",True,[],False,77218
76,permutation_pool,"[[1,2],[0,3],[3,0],[4,4],[2,1]]","[2,3]",5,"[1,1,1,1,1]","[[0],[1],[2],[3],[4]]","[1,1,1,1,1]",,[],0,"[[1,1],[2,3],[0,4],[4,0],[3,2]]",1,120,"{""5"":120}","{""A"":[2,0,4,1,3],""C"":[1,4,0,2,3],""B"":[4,1,3,0,2],""U"":[3,4,2,1,0],""V"":[3,4,2,1,0]}","{""A"":2,""C"":1,""B"":4,""U"":3,""V"":3}","{""A"":5,""C"":5,""B"":5,""U"":5,""V"":5}","{""A"":false,""C"":false,""B"":false,""U"":false,""V"":false}",True,[],False,77538
77,permutation_pool,"[[1,2],[0,3],[3,1],[2,4],[4,0]]",[5],5,"[1,1,1,1,1]","[[0],[1],[2],[3],[4]]","[1,1,1,1,1]",,[],0,"[[0,1],[2,3],[1,4],[4,2],[3,0]]",1,60,"{""5"":60}","{""A"":[4,0,3,1,2],""C"":[1,4,0,2,3],""B"":[4,1,2,0,3],""U"":[3,4,0,1,2],""V"":[3,4,0,1,2]}","{""A"":4,""C"":1,""B"":4,""U"":3,""V"":3}","{""A"":5,""C"":5,""B"":5,""U"":5,""V"":5}","{""A"":false,""C"":false,""B"":false,""U"":false,""V"":false}",True,[],False,77622
78,permutation_pool,"[[1,2],[0,3],[3,1],[4,0],[2,4]]","[1,4]",5,"[1,1,1,1,1]","[[0],[1],[2],[3],[4]]","[1,1,1,1,1]",,[],0,"[[1,0],[2,3],[0,4],[4,2],[3,1]]",1,120,"{""5"":120}","{""A"":[1,2,3,4,0],""C"":[4,0,3,1,2],""B"":[0,4,2,3,1],""U"":[4,2,3,1,0],""V"":[4,2,3,1,0]}","{""A"":1,""C"":4,""B"":0,""U"":4,""V"":4}","{""A"":5,""C"":5,""B"":5,""U"":5,""V"":5}","{""A"":false,""C"":false,""B"":false,""U"":false,""V"":false}",True,[],False,77666
79,permutation_pool,"[[1,2],[0,3],[3,4],[2,0],[4,1]]",[5],5,"[1,1,1,1,1]","[[0],[1],[2],[3],[4]]","[1,1,1,1,1]",,[],0,"[[0,1],[2,3],[1,4],[4,2],[3,0]]",1,60,"{""5"":60}","{""A"":[1,4,0,2,3],""C"":[4,0,3,1,2],""B"":[0,4,1,3,2],""U"":[4,2,0,1,3],""V"":[4,2,0,1,3]}","{""A"":1,""C"":4,""B"":0,""U"":4,""V"":4}","{""A"":5,""C"":5,""B"":5,""U"":5,""V"":5}","{""A"":false,""C"":false,""B"":false,""U"":false,""V"":false}",True,[],False,78498
80,permutation_pool,"[[1,2],[0,3],[4,0],[3,1],[2,4]]","[1,2,2]",5,"[1,1,1,1,1]","[[0],[1],[2],[3],[4]]","[1,1,1,1,1]",,[],0,"[[0,1],[2,0],[1,3],[4,2],[3,4]]",1,10,"{""5"":10}","{""A"":[2,0,3,4,1],""C"":[1,4,0,2,3],""B"":[4,1,3,2,0],""U"":[3,4,2,0,1],""V"":[3,4,2,0,1]}","{""A"":2,""C"":1,""B"":4,""U"":3,""V"":3}","{""A"":5,""C"":5,""B"":5,""U"":5,""V"":5}","{""A"":false,""C"":false,""B"":false,""U"":false,""V"":false}",True,[],False,79266
81,permutation_pool,"[[1,2],[0,3],[4,1],[2,0],[3,4]]","[1,4]",5,"[1,1,1,1,1]","[[0],[1],[2],[3],[4]]","[1,1,1,1,1]",,[],0,"[[1,0],[2,3],[0,4],[4,2],[3,1]]",1,120,"{""5"":120}","{""A"":[3,0,4,2,1],""C"":[1,4,0,2,3],""B"":[4,1,2,3,0],""U"":[3,4,0,2,1],""V"":[3,4,0,2,1]}","{""A"":3,""C"":1,""B"":4,""U"":3,""V"":3}","{""A"":5,""C"":5,""B"":5,""U"":5,""V"":5}","{""A"":false,""C"":false,""B"":false,""U"":false,""V"":false}",True,[],False,79746
82,permutation_pool,"[[1,2],[0,3],[4,1],[3,4],[2,0]]",[5],5,"[1,1,1,1,1]","[[0],[1],[2],[3],[4]]","[1,1,1,1,1]",,[],0,"[[0,1],[2,3],[1,4],[4,2],[3,0]]",1,60,"{""5"":60}","{""A"":[1,2,4,0,3],""C"":[4,0,3,1,2],""B"":[0,4,2,1,3],""U"":[4,2,3,0,1],""V"":[4,2,3,0,1]}","{""A"":1,""C"":4,""B"":0,""U"":4,""V"":4}","{""A"":5,""C"":5,""B"":5,""U"":5,""V"":5}","{""A"":false,""C"":false,""B"":false,""U"":false,""V"":false}",True,[],False,79962
83,permutation_pool,"[[1,2],[0,3],[4,4],[2,1],[3,0]]","[2,3]",5,"[1,1,1,1,1]","[[0],[1],[2],[3],[4]]","[1,1,1,1,1]",,[],0,"[[1,1],[2,3],[0,4],[4,0],[3,2]]",1,120,"{""5"":120}","{""A"":[1,3,0,4,2],""C"":[4,0,3,1,2],""B"":[0,4,1,2,3],""U"":[4,2,0,3,1],""V"":[4,2,0,3,1]}","{""A"":1,""C"":4,""B"":0,""U"":4,""V"":4}","{""A"":5,""C"":5,""B"":5,""U"":5,""V"":5}","{""A"":false,""C"":false,""B"":false,""U"":false,""V"":false}",True,[],False,81642
84,permutation_pool,"[[1,2],[2,1],[3,3],[0,4],[4,0]]","[1,4]",5,"[1,1,1,1,1]","[[0],[1],[2],[3],[4]]","[1,1,1,1,1]",,[],0,"[[0,1],[2,3],[3,2],[4,4],[1,0]]",1,20,"{""5"":20}","{""A"":[4,0,3,1,2],""C"":[3,2,0,4,1],""B"":[4,3,2,0,1],""U"":[1,4,0,3,2],""V"":[1,4,0,3,2]}","{""A"":4,""C"":3,""B"":4,""U"":1,""V"":1}","{""A"":5,""C"":5,""B"":5,""U"":5,""V"":5}","{""A"":false,""C"":false,""B"":false,""U"":false,""V"":false}",True,[],False,101372
85,permutation_pool,"[[1,2],[2,1],[3,3],[4,0],[0,4]]","[1,1,3]",5,"[1,1,1,1,1]","[[0],[1],[2],[3],[4]]","[1,1,1,1,1]",,[],0,"[[1,0],[2,2],[3,4],[4,3],[0,1]]",1,60,"{""5"":60}","{""A"":[1,4,0,2,3],""C"":[3,4,1,2,0],""B"":[0,3,4,1,2],""U"":[3,2,0,4,1],""V"":[3,2,0,4,1]}","{""A"":1,""C"":3,""B"":0,""U"":3,""V"":3}","{""A"":5,""C"":5,""B"":5,""U"":5,""V"":5}","{""A"":false,""C"":false,""B"":false,""U"":false,""V"":false}",True,[],False,101456
86,permutation_pool,"[[1,2],[2,1],[3,4],[0,0],[4,3]]","[1,4]",5,"[1,1,1,1,1]","[[0],[1],[2],[3],[4]]","[1,1,1,1,1]",,[],0,"[[0,1],[2,2],[3,4],[4,3],[1,0]]",1,20,"{""5"":20}","{""A"":[1,4,0,2,3],""C"":[4,3,1,0,2],""B"":[0,4,3,1,2],""U"":[4,2,0,3,1],""V"":[4,2,0,3,1]}","{""A"":1,""C"":4,""B"":0,""U"":4,""V"":4}","{""A"":5,""C"":5,""B"":5,""U"":5,""V"":5}","{""A"":false,""C"":false,""B"":false,""U"":false,""V"":false}",True,[],False,101600
87,permutation_pool,"[[1,2],[2,1],[3,4],[4,3],[0,0]]","[1,1,3]",5,"[1,1,1,1,1]","[[0],[1],[2],[3],[4]]","[1,1,1,1,1]",,[],0,"[[1,0],[2,2],[3,4],[4,3],[0,1]]",1,60,"{""5"":60}","{""A"":[4,0,3,1,2],""C"":[4,2,0,1,3],""B"":[3,4,2,0,1],""U"":[1,3,0,4,2],""V"":[1,3,0,4,2]}","{""A"":4,""C"":4,""B"":3,""U"":1,""V"":1}","{""A"":5,""C"":5,""B"":5,""U"":5,""V"":5}","{""A"":false,""C"":false,""B"":false,""U"":false,""V"":false}",True,[],False,102152
88,permutation_pool,"[[1,2],[2,3],[3,0],[0,4],[4,1]]","[2,3]",5,"[1,1,1,1,1]","[[0],[1],[2],[3],[4]]","[1,1,1,1,1]",,[],0,"[[0,1],[2,3],[3,4],[4,0],[1,2]]",1,120,"{""5"":120}","{""A"":[4,3,0,2,1],""C"":[2,3,1,4,0],""B"":[4,2,3,1,0],""U"":[0,1,4,3,2],""V"":[0,1,4,3,2]}","{""A"":4,""C"":2,""B"":4,""U"":0,""V"":0}","{""A"":5,""C"":5,""B"":5,""U"":5,""V"":5}","{""A"":false,""C"":false,""B"":false,""U"":false,""V"":false}",True,[],False,108998
89,permutation_pool,"[[1,2],[2,3],[3,0],[4,1],[0,4]]","[1,2,2]",5,"[1,1,1,1,1]","[[0],[1],[2],[3],[4]]","[1,1,1,1,1]",,[],0,"[[1,0],[2,3],[3,4],[4,1],[0,2]]",1,60,"{""5"":60}","{""A"":[2,0,4,1,3],""C"":[4,3,0,2,1],""B"":[1,4,3,0,2],""U"":[3,1,2,4,0],""V"":[3,1,2,4,0]}","{""A"":2,""C"":4,""B"":1,""U"":3,""V"":3}","{""A"":5,""C"":5,""B"":5,""U"":5,""V"":5}","{""A"":false,""C"":false,""B"":false,""U"":false,""V"":false}",True,[],False,109106
90,permutation_pool,"[[1,2],[2,3],[3,4],[0,1],[4,0]]","[2,3]",5,"[1,1,1,1,1]","[[0],[1],[2],[3],[4]]","[1,1,1,1,1]",,[],0,"[[0,1],[2,3],[3,4],[4,0],[1,2]]",1,120,"{""5"":120}","{""A"":[2,3,1,4,0],""C"":[2,0,4,1,3],""B"":[1,2,0,4,3],""U"":[0,4,2,3,1],""V"":[0,4,2,3,1]}","{""A"":2,""C"":2,""B"":1,""U"":0,""V"":0}","{""A"":5,""C"":5,""B"":5,""U"":5,""V"":5}","{""A"":false,""C"":false,""B"":false,""U"":false,""V"":false}",True,[],False,109922
91,permutation_pool,"[[1,2],[2,3],[3,4],[4,0],[0,1]]",[5],5,"[1,1,1,1,1]","[[0],[1],[2],[3],[4]]","[1,1,1,1,1]",,[],0,"[[1,2],[2,3],[3,4],[4,0],[0,1]]",5,5,"{""5"":5}","{""A"":[1,2,3,4,0],""C"":[1,2,3,4,0],""B"":[0,1,2,3,4],""U"":[1,2,3,4,0],""V"":[1,2,3,4,0]}","{""A"":1,""C"":1,""B"":0,""U"":1,""V"":1}","{""A"":5,""C"":5,""B"":5,""U"":5,""V"":5}","{""A"":false,""C"":false,""B"":true,""U"":false,""V"":false}",True,[],False,110378
92,permutation_pool,"[[1,2],[2,3],[4,0],[0,1],[3,4]]","[1,2,2]",5,"[1,1,1,1,1]","[[0],[1],[2],[3],[4]]","[1,1,1,1,1]",,[],0,"[[1,0],[2,3],[3,4],[4,1],[0,2]]",1,60,"{""5"":60}","{""A"":[3,4,0,1,2],""C"":[2,3,1,4,0],""B"":[4,2,3,0,1],""U"":[0,1,4,2,3],""V"":[0,1,4,2,3]}","{""A"":3,""C"":2,""B"":4,""U"":0,""V"":0}","{""A"":5,""C"":5,""B"":5,""U"":5,""V"":5}","{""A"":false,""C"":false,""B"":false,""U"":false,""V"":false}",True,[],False,110546
93,permutation_pool,"[[1,2],[2,3],[4,0],[3,4],[0,1]]","[2,3]",5,"[1,1,1,1,1]","[[0],[1],[2],[3],[4]]","[1,1,1,1,1]",,[],0,"[[0,1],[2,3],[3,4],[4,0],[1,2]]",1,120,"{""5"":120}","{""A"":[2,0,3,4,1],""C"":[4,3,0,2,1],""B"":[1,4,3,2,0],""U"":[3,1,2,0,4],""V"":[3,1,2,0,4]}","{""A"":2,""C"":4,""B"":1,""U"":3,""V"":3}","{""A"":5,""C"":5,""B"":5,""U"":5,""V"":5}","{""A"":false,""C"":false,""B"":false,""U"":false,""V"":false}",True,[],False,110978
94,permutation_pool,"[[1,2],[2,3],[4,4],[0,0],[3,1]]",[5],5,"[1,1,1,1,1]","[[0],[1],[2],[3],[4]]","[1,1,1,1,1]",,[],0,"[[1,1],[2,3],[3,0],[4,4],[0,2]]",1,60,"{""5"":60}","{""A"":[2,4,1,0,3],""C"":[2,0,4,1,3],""B"":[1,2,0,3,4],""U"":[0,4,2,1,3],""V"":[0,4,2,1,3]}","{""A"":2,""C"":2,""B"":1,""U"":0,""V"":0}","{""A"":5,""C"":5,""B"":5,""U"":5,""V"":5}","{""A"":false,""C"":false,""B"":false,""U"":false,""V"":false}",True,[],False,113018
95,permutation_pool,"[[1,2],[2,3],[4,4],[3,1],[0,0]]","[2,3]",5,"[1,1,1,1,1]","[[0],[1],[2],[3],[4]]","[1,1,1,1,1]",,[],0,"[[0,1],[2,0],[3,3],[4,4],[1,2]]",1,120,"{""5"":120}","{""A"":[1,2,4,0,3],""C"":[1,2,3,4,0],""B"":[0,1,2,4,3],""U"":[1,2,3,0,4],""V"":[1,2,3,0,4]}","{""A"":1,""C"":1,""B"":0,""U"":1,""V"":1}","{""A"":5,""C"":5,""B"":5,""U"":5,""V"":5}","{""A"":false,""C"":false,""B"":false,""U"":false,""V"":false}",True,[],False,113402
96,permutation_pool,"[[1,2],[3,1],[2,0],[0,4],[4,3]]","[1,2,2]",5,"[1,1,1,1,1]","[[0],[1],[2],[3],[4]]","[1,1,1,1,1]",,[],0,"[[0,1],[2,0],[3,2],[1,4],[4,3]]",1,60,"{""5"":60}","{""A"":[1,4,3,0,2],""C"":[4,3,1,0,2],""B"":[0,4,1,3,2],""U"":[4,2,3,0,1],""V"":[4,2,3,0,1]}","{""A"":1,""C"":4,""B"":0,""U"":4,""V"":4}","{""A"":5,""C"":5,""B"":5,""U"":5,""V"":5}","{""A"":false,""C"":false,""B"":false,""U"":false,""V"":false}",True,[],False,125925
97,permutation_pool,"[[1,2],[3,1],[2,0],[4,3],[0,4]]","[1,1,1,2]",5,"[1,1,1,1,1]","[[0],[1],[2],[3],[4]]","[1,1,1,1,1]",,[],0,"[[0,1],[2,0],[3,2],[4,3],[1,4]]",1,120,"{""5"":120}","{""A"":[1,4,3,0,2],""C"":[3,4,1,2,0],""B"":[0,3,1,4,2],""U"":[3,2,4,0,1],""V"":[3,2,4,0,1]}","{""A"":1,""C"":3,""B"":0,""U"":3,""V"":3}","{""A"":5,""C"":5,""B"":5,""U"":5,""V"":5}","{""A"":false,""C"":false,""B"":false,""U"":false,""V"":false}",True,[],False,126081
98,permutation_pool,"[[1,2],[3,1],[2,3],[4,4],[0,0]]","[1,4]",5,"[1,1,1,1,1]","[[0],[1],[2],[3],[4]]","[1,1,1,1,1]",,[],0,"[[0,1],[2,2],[3,3],[4,0],[1,4]]",1,120,"{""5"":120}","{""A"":[4,0,1,2,3],""C"":[4,2,0,1,3],""B"":[3,4,0,2,1],""U"":[1,3,4,0,2],""V"":[1,3,4,0,2]}","{""A"":4,""C"":4,""B"":3,""U"":1,""V"":1}","{""A"":5,""C"":5,""B"":5,""U"":5,""V"":5}","{""A"":false,""C"":false,""B"":false,""U"":false,""V"":false}",True,[],False,126777
99,permutation_pool,"[[1,2],[3,1],[2,4],[0,3],[4,0]]","[1,1,3]",5,"[1,1,1,1,1]","[[0],[1],[2],[3],[4]]","[1,1,1,1,1]",,[],0,"[[0,1],[1,2],[3,0],[4,3],[2,4]]",1,60,"{""5"":60}","{""A"":[4,0,1,2,3],""C"":[3,2,0,4,1],""B"":[4,3,0,2,1],""U"":[1,4,3,0,2],""V"":[1,4,3,0,2]}","{""A"":4,""C"":3,""B"":4,""U"":1,""V"":1}","{""A"":5,""C"":5,""B"":5,""U"":5,""V"":5}","{""A"":false,""C"":false,""B"":false,""U"":false,""V"":false}",True,[],False,126897
100,permutation_pool,"[[1,2],[3,1],[4,0],[0,3],[2,4]]","[1,1,1,2]",5,"[1,1,1,1,1]","[[0],[1],[2],[3],[4]]","[1,1,1,1,1]",,[],0,"[[1,0],[0,2],[3,1],[4,3],[2,4]]",1,120,"{""5"":120}","{""A"":[2,0,3,4,1],""C"":[3,2,0,4,1],""B"":[4,3,1,2,0],""U"":[1,4,2,0,3],""V"":[1,4,2,0,3]}","{""A"":2,""C"":3,""B"":4,""U"":1,""V"":1}","{""A"":5,""C"":5,""B"":5,""U"":5,""V"":5}","{""A"":false,""C"":false,""B"":false,""U"":false,""V"":false}",True,[],False,129041
101,permutation_pool,"[[1,2],[3,1],[4,0],[2,4],[0,3]]","[1,2,2]",5,"[1,1,1,1,1]","[[0],[1],[2],[3],[4]]","[1,1,1,1,1]",,[],0,"[[1,0],[2,3],[3,4],[4,1],[0,2]]",1,60,"{""5"":60}","{""A"":[2,0,3,4,1],""C"":[4,2,0,1,3],""B"":[3,4,1,2,0],""U"":[1,3,2,0,4],""V"":[1,3,2,0,4]}","{""A"":2,""C"":4,""B"":3,""U"":1,""V"":1}","{""A"":5,""C"":5,""B"":5,""U"":5,""V"":5}","{""A"":false,""C"":false,""B"":false,""U"":false,""V"":false}",True,[],False,129305
102,permutation_pool,"[[1,2],[3,1],[4,3],[0,4],[2,0]]","[1,4]",5,"[1,1,1,1,1]","[[0],[1],[2],[3],[4]]","[1,1,1,1,1]",,[],0,"[[1,0],[2,3],[0,4],[4,2],[3,1]]",1,120,"{""5"":120}","{""A"":[1,2,4,0,3],""C"":[4,3,1,0,2],""B"":[0,4,2,3,1],""U"":[4,2,1,0,3],""V"":[4,2,1,0,3]}","{""A"":1,""C"":4,""B"":0,""U"":4,""V"":4}","{""A"":5,""C"":5,""B"":5,""U"":5,""V"":5}","{""A"":false,""C"":false,""B"":false,""U"":false,""V"":false}",True,[],False,130937
103,permutation_pool,"[[1,2],[3,1],[4,4],[2,3],[0,0]]","[1,1,3]",5,"[1,1,1,1,1]","[[0],[1],[2],[3],[4]]","[1,1,1,1,1]",,[],0,"[[1,0],[2,1],[3,3],[4,4],[0,2]]",1,60,"{""5"":60}","{""A"":[1,2,4,0,3],""C"":[3,4,1,2,0],""B"":[0,3,2,4,1],""U"":[3,2,1,0,4],""V"":[3,2,1,0,4]}","{""A"":1,""C"":3,""B"":0,""U"":3,""V"":3}","{""A"":5,""C"":5,""B"":5,""U"":5,""V"":5}","{""A"":false,""C"":false,""B"":false,""U"":false,""V"":false}",True,[],False,131777
104,permutation_pool,"[[1,2],[3,3],[2,0],[4,4],[0,1]]","[2,3]",5,"[1,1,1,1,1]","[[0],[1],[2],[3],[4]]","[1,1,1,1,1]",,[],0,"[[0,1],[2,0],[3,3],[4,4],[1,2]]",1,120,"{""5"":120}","{""A"":[1,3,4,2,0],""C"":[1,2,3,4,0],""B"":[0,1,3,2,4],""U"":[1,2,4,3,0],""V"":[1,2,4,3,0]}","{""A"":1,""C"":1,""B"":0,""U"":1,""V"":1}","{""A"":5,""C"":5,""B"":5,""U"":5,""V"":5}","{""A"":false,""C"":false,""B"":false,""U"":false,""V"":false}",True,[],False,144553
105,permutation_pool,"[[1,2],[3,3],[2,1],[0,4],[4,0]]",[5],5,"[1,1,1,1,1]","[[0],[1],[2],[3],[4]]","[1,1,1,1,1]",,[],0,"[[0,1],[2,2],[3,4],[1,0],[4,3]]",1,60,"{""5"":60}","{""A"":[3,2,4,1,0],""C"":[2,0,4,1,3],""B"":[1,2,4,0,3],""U"":[0,4,3,2,1],""V"":[0,4,3,2,1]}","{""A"":3,""C"":2,""B"":1,""U"":0,""V"":0}","{""A"":5,""C"":5,""B"":5,""U"":5,""V"":5}","{""A"":false,""C"":false,""B"":false,""U"":false,""V"":false}",True,[],False,144597
106,permutation_pool,"[[1,2],[3,3],[2,1],[4,0],[0,4]]","[1,4]",5,"[1,1,1,1,1]","[[0],[1],[2],[3],[4]]","[1,1,1,1,1]",,[],0,"[[0,1],[2,2],[3,4],[4,3],[1,0]]",1,20,"{""5"":20}","{""A"":[3,0,1,4,2],""C"":[4,3,0,2,1],""B"":[1,4,0,3,2],""U"":[3,1,4,2,0],""V"":[3,1,4,2,0]}","{""A"":3,""C"":4,""B"":1,""U"":3,""V"":3}","{""A"":5,""C"":5,""B"":5,""U"":5,""V"":5}","{""A"":false,""C"":false,""B"":false,""U"":false,""V"":false}",True,[],False,144681
107,permutation_pool,"[[1,2],[3,3],[2,4],[0,0],[4,1]]",[5],5,"[1,1,1,1,1]","[[0],[1],[2],[3],[4]]","[1,1,1,1,1]",,[],0,"[[0,1],[1,2],[3,3],[4,4],[2,0]]",1,60,"{""5"":60}","{""A"":[4,2,3,0,1],""C"":[2,3,1,4,0],""B"":[4,2,1,3,0],""U"":[0,1,3,4,2],""V"":[0,1,3,4,2]}","{""A"":4,""C"":2,""B"":4,""U"":0,""V"":0}","{""A"":5,""C"":5,""B"":5,""U"":5,""V"":5}","{""A"":false,""C"":false,""B"":false,""U"":false,""V"":false}",True,[],False,145273
108,permutation_pool,"[[1,2],[3,3],[4,0],[0,4],[2,1]]","[2,3]",5,"[1,1,1,1,1]","[[0],[1],[2],[3],[4]]","[1,1,1,1,1]",,[],0,"[[1,1],[2,3],[0,4],[4,0],[3,2]]",1,120,"{""5"":120}","{""A"":[3,4,0,1,2],""C"":[2,0,4,1,3],""B"":[1,2,3,0,4],""U"":[0,4,1,2,3],""V"":[0,4,1,2,3]}","{""A"":3,""C"":2,""B"":1,""U"":0,""V"":0}","{""A"":5,""C"":5,""B"":5,""U"":5,""V"":5}","{""A"":false,""C"":false,""B"":false,""U"":false,""V"":false}",True,[],False,147513
109,permutation_pool,"[[1,2],[3,3],[4,1],[0,0],[2,4]]","[1,4]",5,"[1,1,1,1,1]","[[0],[1],[2],[3],[4]]","[1,1,1,1,1]",,[],0,"[[1,0],[0,2],[3,3],[4,4],[2,1]]",1,120,"{""5"":120}","{""A"":[2,4,1,0,3],""C"":[2,3,1,4,0],""B"":[4,2,0,3,1],""U"":[0,1,2,4,3],""V"":[0,1,2,4,3]}","{""A"":2,""C"":2,""B"":4,""U"":0,""V"":0}","{""A"":5,""C"":5,""B"":5,""U"":5,""V"":5}","{""A"":false,""C"":false,""B"":false,""U"":false,""V"":false}",True,[],False,148041
110,permutation_pool,"[[1,2],[3,3],[4,1],[2,4],[0,0]]",[5],5,"[1,1,1,1,1]","[[0],[1],[2],[3],[4]]","[1,1,1,1,1]",,[],0,"[[1,1],[2,3],[3,0],[4,4],[0,2]]",1,60,"{""5"":60}","{""A"":[1,3,0,4,2],""C"":[1,2,3,4,0],""B"":[0,1,4,2,3],""U"":[1,2,0,3,4],""V"":[1,2,0,3,4]}","{""A"":1,""C"":1,""B"":0,""U"":1,""V"":1}","{""A"":5,""C"":5,""B"":5,""U"":5,""V"":5}","{""A"":false,""C"":false,""B"":false,""U"":false,""V"":false}",True,[],False,148377
111,permutation_pool,"[[1,2],[3,3],[4,4],[2,0],[0,1]]",[5],5,"[1,1,1,1,1]","[[0],[1],[2],[3],[4]]","[1,1,1,1,1]",,[],0,"[[1,1],[2,3],[3,0],[4,4],[0,2]]",1,60,"{""5"":60}","{""A"":[3,0,4,2,1],""C"":[4,3,0,2,1],""B"":[1,4,2,3,0],""U"":[3,1,0,2,4],""V"":[3,1,0,2,4]}","{""A"":3,""C"":4,""B"":1,""U"":3,""V"":3}","{""A"":5,""C"":5,""B"":5,""U"":5,""V"":5}","{""A"":false,""C"":false,""B"":false,""U"":false,""V"":false}",True,[],False,150153
112,permutation_pool,"[[1,2],[3,4],[2,0],[0,3],[4,1]]","[1,2,2]",5,"[1,1,1,1,1]","[[0],[1],[2],[3],[4]]","[1,1,1,1,1]",,[],0,"[[0,1],[2,0],[3,2],[1,4],[4,3]]",1,60,"{""5"":60}","{""A"":[1,3,4,2,0],""C"":[1,2,4,0,3],""B"":[0,1,4,2,3],""U"":[1,2,3,4,0],""V"":[1,2,3,4,0]}","{""A"":1,""C"":1,""B"":0,""U"":1,""V"":1}","{""A"":5,""C"":5,""B"":5,""U"":5,""V"":5}","{""A"":false,""C"":false,""B"":false,""U"":false,""V"":false}",True,[],False,156873
113,permutation_pool,"[[1,2],[3,4],[2,1],[0,0],[4,3]]",[5],5,"[1,1,1,1,1]","[[0],[1],[2],[3],[4]]","[1,1,1,1,1]",,[],0,"[[0,1],[2,2],[3,4],[1,0],[4,3]]",1,60,"{""5"":60}","{""A"":[3,0,1,4,2],""C"":[3,4,0,1,2],""B"":[1,3,0,4,2],""U"":[4,1,3,2,0],""V"":[4,1,3,2,0]}","{""A"":3,""C"":3,""B"":1,""U"":4,""V"":4}","{""A"":5,""C"":5,""B"":5,""U"":5,""V"":5}","{""A"":false,""C"":false,""B"":false,""U"":false,""V"":false}",True,[],False,157425
114,permutation_pool,"[[1,2],[3,4],[2,1],[4,3],[0,0]]","[1,4]",5,"[1,1,1,1,1]","[[0],[1],[2],[3],[4]]","[1,1,1,1,1]",,[],0,"[[0,1],[2,3],[3,2],[4,4],[1,0]]",1,20,"{""5"":20}","{""A"":[3,2,4,1,0],""C"":[2,0,3,4,1],""B"":[1,2,3,0,4],""U"":[0,3,4,2,1],""V"":[0,3,4,2,1]}","{""A"":3,""C"":2,""B"":1,""U"":0,""V"":0}","{""A"":5,""C"":5,""B"":5,""U"":5,""V"":5}","{""A"":false,""C"":false,""B"":false,""U"":false,""V"":false}",True,[],False,157977
115,permutation_pool,"[[1,2],[3,4],[2,3],[4,0],[0,1]]","[2,3]",5,"[1,1,1,1,1]","[[0],[1],[2],[3],[4]]","[1,1,1,1,1]",,[],0,"[[0,1],[2,3],[3,4],[4,0],[1,2]]",1,120,"{""5"":120}","{""A"":[4,2,3,0,1],""C"":[2,4,1,0,3],""B"":[3,2,1,4,0],""U"":[0,1,4,3,2],""V"":[0,1,4,3,2]}","{""A"":4,""C"":2,""B"":3,""U"":0,""V"":0}","{""A"":5,""C"":5,""B"":5,""U"":5,""V"":5}","{""A"":false,""C"":false,""B"":false,""U"":false,""V"":false}",True,[],False,159153
116,permutation_pool,"[[1,2],[3,4],[4,0],[2,3],[0,1]]","[1,2,2]",5,"[1,1,1,1,1]","[[0],[1],[2],[3],[4]]","[1,1,1,1,1]",,[],0,"[[1,0],[2,3],[3,4],[4,1],[0,2]]",1,60,"{""5"":60}","{""A"":[3,4,0,1,2],""C"":[2,0,3,4,1],""B"":[1,2,4,0,3],""U"":[0,3,1,2,4],""V"":[0,3,1,2,4]}","{""A"":3,""C"":2,""B"":1,""U"":0,""V"":0}","{""A"":5,""C"":5,""B"":5,""U"":5,""V"":5}","{""A"":false,""C"":false,""B"":false,""U"":false,""V"":false}",True,[],False,163353
117,permutation_pool,"[[1,2],[3,4],[4,1],[0,3],[2,0]]","[1,4]",5,"[1,1,1,1,1]","[[0],[1],[2],[3],[4]]","[1,1,1,1,1]",,[],0,"[[1,0],[2,3],[0,4],[4,2],[3,1]]",1,120,"{""5"":120}","{""A"":[1,3,0,4,2],""C"":[1,2,4,0,3],""B"":[0,1,3,2,4],""U"":[1,2,0,4,3],""V"":[1,2,0,4,3]}","{""A"":1,""C"":1,""B"":0,""U"":1,""V"":1}","{""A"":5,""C"":5,""B"":5,""U"":5,""V"":5}","{""A"":false,""C"":false,""B"":false,""U"":false,""V"":false}",True,[],False,163737
118,permutation_pool,"[[1,2],[3,4],[4,1],[2,0],[0,3]]",[5],5,"[1,1,1,1,1]","[[0],[1],[2],[3],[4]]","[1,1,1,1,1]",,[],0,"[[1,2],[3,4],[4,1],[2,0],[0,3]]",5,5,"{""5"":5}","{""A"":[2,4,1,0,3],""C"":[2,4,1,0,3],""B"":[3,2,0,4,1],""U"":[0,1,2,3,4],""V"":[0,1,2,3,4]}","{""A"":2,""C"":2,""B"":3,""U"":0,""V"":0}","{""A"":5,""C"":5,""B"":5,""U"":5,""V"":5}","{""A"":false,""C"":false,""B"":false,""U"":true,""V"":true}",True,[],False,163905
119,permutation_pool,"[[1,2],[3,4],[4,3],[0,0],[2,1]]","[2,3]",5,"[1,1,1,1,1]","[[0],[1],[2],[3],[4]]","[1,1,1,1,1]",,[],0,"[[1,1],[2,3],[0,4],[4,0],[3,2]]",1,120,"{""5"":120}","{""A"":[3,0,4,2,1],""C"":[3,4,0,1,2],""B"":[1,3,2,4,0],""U"":[4,1,0,2,3],""V"":[4,1,0,2,3]}","{""A"":3,""C"":3,""B"":1,""U"":4,""V"":4}","{""A"":5,""C"":5,""B"":5,""U"":5,""V"":5}","{""A"":false,""C"":false,""B"":false,""U"":false,""V"":false}",True,[],False,164913
33525,rank4_champion,"[[1,0],[2,1],[3,2],[3,4],[4,3]]","[1,1,1,2]",4,"[0,1,1,1,2]","[[0],[1],[2,3],[4]]","[1,1,1,2]","[2,3]","[[2,3],[2,4]]",2,"[[0,1],[1,0],[0,2],[2,3],[3,4]]",1,30,"{""2"":16,""3"":8,""4"":4,""5"":2}","{""A"":[4,3,4,3,4],""C"":[3,4,3,3,4],""B"":[3,3,4,3,4],""U"":[4,3,4,3,4],""V"":[3,3,4,3,4]}","{""A"":4,""C"":3,""B"":3,""U"":4,""V"":3}","{""A"":2,""C"":2,""B"":2,""U"":2,""V"":2}","{""A"":true,""C"":true,""B"":true,""U"":true,""V"":true}",False,[0],True,
33645,rank4_champion,"[[1,0],[2,1],[3,2],[4,4],[3,3]]","[1,1,1,2]",4,"[0,1,1,1,2]","[[0],[1],[2,4],[3]]","[1,1,1,2]","[2,4]","[[2,4],[2,3]]",2,"[[1,0],[2,1],[3,2],[4,4],[3,3]]",1,30,"{""2"":16,""3"":8,""4"":4,""5"":2}","{""A"":[3,3,3,3,4],""C"":[4,4,4,3,4],""B"":[3,4,4,4,3],""U"":[4,4,4,4,3],""V"":[3,4,4,4,3]}","{""A"":3,""C"":4,""B"":3,""U"":4,""V"":3}","{""A"":2,""C"":2,""B"":2,""U"":2,""V"":2}","{""A"":true,""C"":true,""B"":false,""U"":false,""V"":false}",False,[0],True,
33749,rank4_champion,"[[1,0],[2,1],[3,3],[3,4],[4,2]]","[1,1,3]",4,"[0,1,1,1,2]","[[0],[1],[2,3],[4]]","[1,1,1,2]","[2,3]","[[2,3],[3,4],[2,4]]",3,"[[0,1],[1,2],[0,0],[2,3],[3,4]]",1,126,"{""1"":3,""2"":90,""3"":21,""4"":9,""5"":3}","{""A"":[4,3,4,3,4],""C"":[2,4,2,2,4],""B"":[4,2,2,2,2],""U"":[2,2,2,2,2],""V"":[4,2,2,2,2]}","{""A"":4,""C"":2,""B"":4,""U"":2,""V"":4}","{""A"":2,""C"":2,""B"":2,""U"":1,""V"":2}","{""A"":true,""C"":true,""B"":false,""U"":true,""V"":false}",False,[0],True,
34445,rank4_champion,"[[1,0],[2,1],[3,4],[4,2],[3,3]]","[1,1,3]",4,"[0,1,1,1,2]","[[0],[1],[2,4],[3]]","[1,1,1,2]","[2,4]","[[2,4],[3,4],[2,3]]",3,"[[1,0],[2,1],[3,4],[4,2],[3,3]]",1,126,"{""1"":3,""2"":90,""3"":21,""4"":9,""5"":3}","{""A"":[3,3,3,3,4],""C"":[2,2,2,3,2],""B"":[2,3,3,3,3],""U"":[3,3,3,3,3],""V"":[2,3,3,3,3]}","{""A"":3,""C"":2,""B"":2,""U"":3,""V"":2}","{""A"":2,""C"":2,""B"":2,""U"":1,""V"":2}","{""A"":true,""C"":true,""B"":false,""U"":true,""V"":false}",False,[0],True,
35991,rank4_champion,"[[1,0],[2,2],[3,3],[4,1],[2,4]]","[1,1,3]",4,"[0,1,1,1,2]","[[0],[1,4],[2],[3]]","[1,1,1,2]","[1,4]","[[1,4],[2,4],[3,4]]",3,"[[1,0],[2,2],[0,3],[1,1],[3,4]]",1,253,"{""1"":4,""2"":156,""3"":81,""4"":9,""5"":3}","{""A"":[4,2,2,4,4],""C"":[4,4,3,3,4],""B"":[4,3,3,3,3],""U"":[3,3,3,3,3],""V"":[4,3,3,3,3]}","{""A"":4,""C"":4,""B"":4,""U"":3,""V"":4}","{""A"":2,""C"":2,""B"":2,""U"":1,""V"":2}","{""A"":true,""C"":true,""B"":false,""U"":true,""V"":false}",False,[0],True,
36063,rank4_champion,"[[1,0],[2,2],[3,3],[4,4],[2,1]]","[1,4]",4,"[0,1,1,1,2]","[[0],[1,4],[2],[3]]","[1,1,1,2]","[1,4]","[[1,4],[1,2],[2,3],[3,4]]",4,"[[1,0],[2,2],[3,3],[4,4],[2,1]]",1,372,"{""1"":4,""2"":156,""3"":192,""4"":16,""5"":4}","{""A"":[4,2,2,4,4],""C"":[1,1,3,3,1],""B"":[3,3,3,1,1],""U"":[1,3,3,1,1],""V"":[3,3,3,1,1]}","{""A"":4,""C"":1,""B"":3,""U"":1,""V"":3}","{""A"":2,""C"":2,""B"":2,""U"":2,""V"":2}","{""A"":true,""C"":true,""B"":false,""U"":false,""V"":false}",False,[0],True,
36073,rank4_champion,"[[1,0],[2,2],[3,3],[4,4],[4,1]]","[1,4]",4,"[0,1,1,1,2]","[[0],[1],[2],[3,4]]","[1,1,1,2]","[3,4]","[[3,4],[1,4],[1,2],[2,3]]",4,"[[0,1],[2,2],[3,3],[0,0],[1,4]]",1,372,"{""1"":4,""2"":156,""3"":192,""4"":16,""5"":4}","{""A"":[2,4,2,2,4],""C"":[3,1,1,3,3],""B"":[1,1,3,3,1],""U"":[3,1,3,3,1],""V"":[1,1,3,3,1]}","{""A"":2,""C"":3,""B"":1,""U"":3,""V"":1}","{""A"":2,""C"":2,""B"":2,""U"":2,""V"":2}","{""A"":true,""C"":true,""B"":true,""U"":true,""V"":true}",False,[0],True,
36673,rank4_champion,"[[1,0],[2,2],[3,4],[4,3],[4,1]]","[1,1,3]",4,"[0,1,1,1,2]","[[0],[1],[2],[3,4]]","[1,1,1,2]","[3,4]","[[3,4],[1,3],[2,3]]",3,"[[0,1],[2,2],[3,0],[0,3],[1,4]]",1,226,"{""1"":4,""2"":156,""3"":54,""4"":9,""5"":3}","{""A"":[2,4,2,2,4],""C"":[4,1,1,4,4],""B"":[4,1,1,1,1],""U"":[1,1,1,1,1],""V"":[4,1,1,1,1]}","{""A"":2,""C"":4,""B"":4,""U"":1,""V"":4}","{""A"":2,""C"":2,""B"":2,""U"":1,""V"":2}","{""A"":true,""C"":true,""B"":false,""U"":true,""V"":false}",False,[0],True,
43914,rank4_champion,"[[1,0],[2,3],[4,1],[3,4],[2,2]]","[1,4]",4,"[0,1,1,1,2]","[[0],[1,4],[2],[3]]","[1,1,1,2]","[1,4]","[[1,4],[2,3]]",2,"[[0,1],[2,2],[1,3],[2,0],[3,4]]",1,348,"{""1"":4,""2"":132,""3"":192,""4"":16,""5"":4}","{""A"":[2,2,2,2,4],""C"":[1,1,2,1,1],""B"":[1,2,2,2,2],""U"":[2,2,2,2,2],""V"":[1,2,2,2,2]}","{""A"":2,""C"":1,""B"":1,""U"":2,""V"":1}","{""A"":2,""C"":2,""B"":2,""U"":1,""V"":2}","{""A"":true,""C"":true,""B"":false,""U"":true,""V"":false}",False,[0],True,
44466,rank4_champion,"[[1,0],[2,3],[4,2],[3,1],[2,4]]","[1,1,1,2]",4,"[0,1,1,1,2]","[[0],[1,4],[2],[3]]","[1,1,1,2]","[1,4]","[[1,4],[3,4]]",2,"[[0,1],[2,0],[3,2],[2,3],[1,4]]",1,32,"{""2"":10,""3"":16,""4"":4,""5"":2}","{""A"":[4,2,2,4,4],""C"":[4,4,2,2,4],""B"":[4,4,4,2,2],""U"":[2,4,4,2,2],""V"":[4,4,4,2,2]}","{""A"":4,""C"":4,""B"":4,""U"":2,""V"":4}","{""A"":2,""C"":2,""B"":2,""U"":2,""V"":2}","{""A"":true,""C"":true,""B"":false,""U"":false,""V"":false}",False,[0],True,
44538,rank4_champion,"[[1,0],[2,3],[4,2],[3,4],[2,1]]","[1,1,3]",4,"[0,1,1,1,2]","[[0],[1,4],[2],[3]]","[1,1,1,2]","[1,4]","[[1,4],[1,3],[3,4]]",3,"[[0,1],[2,3],[1,2],[2,0],[3,4]]",1,358,"{""1"":4,""2"":180,""3"":162,""4"":9,""5"":3}","{""A"":[4,2,2,4,4],""C"":[1,1,2,2,1],""B"":[2,1,1,1,1],""U"":[1,1,1,1,1],""V"":[2,1,1,1,1]}","{""A"":4,""C"":1,""B"":2,""U"":1,""V"":2}","{""A"":2,""C"":2,""B"":2,""U"":1,""V"":2}","{""A"":true,""C"":true,""B"":false,""U"":true,""V"":false}",False,[0],True,
45714,rank4_champion,"[[1,0],[2,3],[4,4],[3,1],[2,2]]","[1,2,2]",4,"[0,1,1,1,2]","[[0],[1,4],[2],[3]]","[1,1,1,2]","[1,4]","[[1,4],[2,3]]",2,"[[0,1],[2,0],[3,3],[2,2],[1,4]]",1,34,"{""2"":12,""3"":16,""4"":4,""5"":2}","{""A"":[2,2,2,2,4],""C"":[4,4,2,4,4],""B"":[2,4,4,4,2],""U"":[4,4,4,4,2],""V"":[2,4,4,4,2]}","{""A"":2,""C"":4,""B"":2,""U"":4,""V"":2}","{""A"":2,""C"":2,""B"":2,""U"":2,""V"":2}","{""A"":true,""C"":true,""B"":false,""U"":false,""V"":false}",False,[0],True,
55596,rank4_champion,"[[1,1],[2,2],[3,0],[4,3],[3,4]]","[1,1,3]",4,"[0,1,1,1,2]","[[0],[1],[2,4],[3]]","[1,1,1,2]","[2,4]","[[2,4],[0,4],[1,4]]",3,"[[1,0],[0,1],[0,3],[4,4],[2,2]]",1,89,"{""2"":14,""3"":54,""4"":18,""5"":3}","{""A"":[4,4,3,3,4],""C"":[3,4,4,3,4],""B"":[4,3,4,4,3],""U"":[3,3,4,4,3],""V"":[4,3,4,4,3]}","{""A"":4,""C"":3,""B"":4,""U"":3,""V"":4}","{""A"":2,""C"":2,""B"":2,""U"":2,""V"":2}","{""A"":true,""C"":true,""B"":false,""U"":false,""V"":false}",False,[0],True,
55620,rank4_champion,"[[1,1],[2,2],[3,0],[4,4],[3,3]]","[2,3]",4,"[0,1,1,1,2]","[[0],[1],[2,4],[3]]","[1,1,1,2]","[2,4]","[[2,4],[0,3],[1,4],[2,3],[0,4],[1,3]]",6,"[[1,1],[0,0],[0,3],[4,4],[2,2]]",1,130,"{""2"":16,""3"":72,""4"":36,""5"":6}","{""A"":[3,3,3,3,4],""C"":[4,4,4,3,4],""B"":[3,4,4,4,3],""U"":[4,4,4,4,3],""V"":[3,4,4,4,3]}","{""A"":3,""C"":4,""B"":3,""U"":4,""V"":3}","{""A"":2,""C"":2,""B"":2,""U"":2,""V"":2}","{""A"":true,""C"":true,""B"":false,""U"":false,""V"":false}",False,[0],True,
56196,rank4_champion,"[[1,1],[2,2],[3,3],[4,0],[3,4]]","[1,4]",4,"[0,1,1,1,2]","[[0],[1],[2,4],[3]]","[1,1,1,2]","[2,4]","[[2,4],[3,4],[0,4],[1,4]]",4,"[[1,0],[0,2],[3,3],[4,4],[1,1]]",1,1433,"{""1"":5,""2"":280,""3"":1080,""4"":64,""5"":4}","{""A"":[1,1,3,3,1],""C"":[0,2,2,0,2],""B"":[0,2,0,0,2],""U"":[2,2,0,0,2],""V"":[0,2,0,0,2]}","{""A"":1,""C"":0,""B"":0,""U"":2,""V"":0}","{""A"":2,""C"":2,""B"":2,""U"":2,""V"":2}","{""A"":true,""C"":true,""B"":false,""U"":false,""V"":false}",False,[0],True,
59749,rank4_champion,"[[1,1],[2,3],[1,4],[3,0],[4,2]]","[2,3]",4,"[0,1,1,1,2]","[[0,2],[1],[3],[4]]","[1,1,1,2]","[0,2]","[[0,2],[1,4],[2,3],[0,4],[1,2],[3,4]]",6,"[[0,1],[2,0],[1,3],[3,4],[2,2]]",1,1533,"{""1"":5,""2"":280,""3"":1134,""4"":108,""5"":6}","{""A"":[3,1,1,3,3],""C"":[0,0,0,3,3],""B"":[3,0,0,0,0],""U"":[0,0,0,0,0],""V"":[3,0,0,0,0]}","{""A"":3,""C"":0,""B"":3,""U"":0,""V"":3}","{""A"":2,""C"":2,""B"":2,""U"":1,""V"":2}","{""A"":true,""C"":true,""B"":false,""U"":true,""V"":false}",False,[0],True,
59797,rank4_champion,"[[1,1],[2,3],[1,4],[3,2],[4,0]]",[5],4,"[0,1,1,1,2]","[[0,2],[1],[3],[4]]","[1,1,1,2]","[0,2]","[[0,2],[1,4],[0,3],[1,2],[3,4]]",5,"[[0,1],[2,2],[3,4],[2,0],[4,3]]",1,2110,"{""1"":5,""2"":300,""3"":1200,""4"":600,""5"":5}","{""A"":[3,1,1,3,3],""C"":[2,2,2,3,3],""B"":[2,2,2,3,3],""U"":[3,2,2,3,3],""V"":[2,2,2,3,3]}","{""A"":3,""C"":2,""B"":2,""U"":3,""V"":2}","{""A"":2,""C"":2,""B"":2,""U"":2,""V"":2}","{""A"":true,""C"":true,""B"":true,""U"":true,""V"":true}",False,[0],True,
59869,rank4_champion,"[[1,1],[2,3],[1,4],[4,0],[3,2]]","[2,3]",4,"[0,1,1,1,2]","[[0,2],[1],[3],[4]]","[1,1,1,2]","[0,2]","[[0,2],[1,4],[2,3],[0,4],[1,2],[3,4]]",6,"[[1,1],[2,3],[1,4],[4,0],[3,2]]",1,1023,"{""1"":5,""2"":220,""3"":648,""4"":144,""5"":6}","{""A"":[4,1,1,4,4],""C"":[2,2,2,3,3],""B"":[2,2,2,3,3],""U"":[3,2,2,3,3],""V"":[2,2,2,3,3]}","{""A"":4,""C"":2,""B"":2,""U"":3,""V"":2}","{""A"":2,""C"":2,""B"":2,""U"":2,""V"":2}","{""A"":true,""C"":true,""B"":true,""U"":true,""V"":true}",False,[0],True,
59917,rank4_champion,"[[1,1],[2,3],[1,4],[4,2],[3,0]]",[5],4,"[0,1,1,1,2]","[[0,2],[1],[3],[4]]","[1,1,1,2]","[0,2]","[[0,2],[1,4],[0,3],[1,2],[3,4]]",5,"[[1,1],[2,3],[1,4],[4,2],[3,0]]",1,1010,"{""1"":5,""2"":200,""3"":600,""4"":200,""5"":5}","{""A"":[4,1,1,4,4],""C"":[0,0,0,3,3],""B"":[3,0,0,0,0],""U"":[0,0,0,0,0],""V"":[3,0,0,0,0]}","{""A"":4,""C"":0,""B"":3,""U"":0,""V"":3}","{""A"":2,""C"":2,""B"":2,""U"":1,""V"":2}","{""A"":true,""C"":true,""B"":false,""U"":true,""V"":false}",False,[0],True,
63596,rank4_champion,"[[1,1],[2,3],[4,0],[4,2],[3,4]]","[1,4]",4,"[0,1,1,1,2]","[[0],[1],[2,3],[4]]","[1,1,1,2]","[2,3]","[[2,3],[0,2],[0,1],[1,3]]",4,"[[1,0],[0,2],[0,3],[4,4],[2,1]]",1,1541,"{""1"":5,""2"":260,""3"":1080,""4"":192,""5"":4}","{""A"":[3,3,4,3,4],""C"":[4,2,2,2,4],""B"":[4,2,2,2,2],""U"":[2,2,2,2,2],""V"":[4,2,2,2,2]}","{""A"":3,""C"":4,""B"":4,""U"":2,""V"":4}","{""A"":2,""C"":2,""B"":2,""U"":1,""V"":2}","{""A"":true,""C"":true,""B"":false,""U"":true,""V"":false}",False,[0],True,
63644,rank4_champion,"[[1,1],[2,3],[4,0],[4,4],[3,2]]",[5],4,"[0,1,1,1,2]","[[0],[1],[2,3],[4]]","[1,1,1,2]","[2,3]","[[2,3],[0,4],[1,2],[0,3],[1,4]]",5,"[[1,1],[0,2],[1,3],[4,4],[2,0]]",1,2110,"{""1"":5,""2"":300,""3"":1200,""4"":600,""5"":5}","{""A"":[4,4,4,3,4],""C"":[2,2,2,2,4],""B"":[2,4,4,4,4],""U"":[4,4,4,4,4],""V"":[2,4,4,4,4]}","{""A"":4,""C"":2,""B"":2,""U"":4,""V"":2}","{""A"":2,""C"":2,""B"":2,""U"":1,""V"":2}","{""A"":true,""C"":true,""B"":false,""U"":true,""V"":false}",False,[0],True,
66092,rank4_champion,"[[1,1],[2,3],[4,4],[4,2],[3,0]]",[5],4,"[0,1,1,1,2]","[[0],[1],[2,3],[4]]","[1,1,1,2]","[2,3]","[[2,3],[2,4],[0,4],[0,1],[1,3]]",5,"[[1,1],[2,3],[1,0],[4,4],[0,2]]",1,2110,"{""1"":5,""2"":300,""3"":1200,""4"":600,""5"":5}","{""A"":[1,1,4,1,4],""C"":[0,3,3,3,0],""B"":[3,0,0,0,0],""U"":[0,0,0,0,0],""V"":[3,0,0,0,0]}","{""A"":1,""C"":0,""B"":3,""U"":0,""V"":3}","{""A"":2,""C"":2,""B"":2,""U"":1,""V"":2}","{""A"":true,""C"":true,""B"":false,""U"":true,""V"":false}",False,[0],True,
92923,rank4_champion,"[[1,2],[1,3],[2,4],[3,0],[4,1]]",[5],4,"[0,1,1,1,2]","[[0,1],[2],[3],[4]]","[1,1,1,2]","[0,1]","[[0,1],[2,3],[0,4],[1,2],[3,4]]",5,"[[0,1],[1,2],[0,3],[3,4],[4,0]]",1,610,"{""1"":5,""2"":200,""3"":300,""4"":100,""5"":5}","{""A"":[3,1,1,3,3],""C"":[0,0,0,3,3],""B"":[3,0,0,0,0],""U"":[0,0,0,0,0],""V"":[3,0,0,0,0]}","{""A"":3,""C"":0,""B"":3,""U"":0,""V"":3}","{""A"":2,""C"":2,""B"":2,""U"":1,""V"":2}","{""A"":true,""C"":true,""B"":false,""U"":true,""V"":false}",False,[0],True,
92947,rank4_champion,"[[1,2],[1,3],[2,4],[3,1],[4,0]]","[2,3]",4,"[0,1,1,1,2]","[[0,1],[2],[3],[4]]","[1,1,1,2]","[0,1]","[[0,1],[2,3],[1,4],[0,3],[1,2],[3,4]]",6,"[[0,1],[1,0],[0,3],[3,4],[4,2]]",1,130,"{""2"":16,""3"":72,""4"":36,""5"":6}","{""A"":[3,1,1,3,3],""C"":[1,1,1,3,3],""B"":[1,1,1,3,3],""U"":[3,1,1,3,3],""V"":[1,1,1,3,3]}","{""A"":3,""C"":1,""B"":1,""U"":3,""V"":1}","{""A"":2,""C"":2,""B"":2,""U"":2,""V"":2}","{""A"":true,""C"":true,""B"":true,""U"":true,""V"":true}",False,[0],True,
93043,rank4_champion,"[[1,2],[1,3],[2,4],[4,0],[3,1]]",[5],4,"[0,1,1,1,2]","[[0,1],[2],[3],[4]]","[1,1,1,2]","[0,1]","[[0,1],[2,3],[0,4],[1,2],[3,4]]",5,"[[0,1],[2,3],[1,0],[0,4],[4,2]]",1,2110,"{""1"":5,""2"":300,""3"":1200,""4"":600,""5"":5}","{""A"":[4,1,1,4,4],""C"":[1,1,1,3,3],""B"":[1,1,1,3,3],""U"":[3,1,1,3,3],""V"":[1,1,1,3,3]}","{""A"":4,""C"":1,""B"":1,""U"":3,""V"":1}","{""A"":2,""C"":2,""B"":2,""U"":2,""V"":2}","{""A"":true,""C"":true,""B"":true,""U"":true,""V"":true}",False,[0],True,
93067,rank4_champion,"[[1,2],[1,3],[2,4],[4,1],[3,0]]","[2,3]",4,"[0,1,1,1,2]","[[0,1],[2],[3],[4]]","[1,1,1,2]","[0,1]","[[0,1],[2,3],[1,4],[0,3],[1,2],[3,4]]",6,"[[0,1],[2,0],[1,3],[0,4],[4,2]]",1,1533,"{""1"":5,""2"":280,""3"":1134,""4"":108,""5"":6}","{""A"":[4,1,1,4,4],""C"":[0,0,0,3,3],""B"":[3,0,0,0,0],""U"":[0,0,0,0,0],""V"":[3,0,0,0,0]}","{""A"":4,""C"":0,""B"":3,""U"":0,""V"":3}","{""A"":2,""C"":2,""B"":2,""U"":1,""V"":2}","{""A"":true,""C"":true,""B"":false,""U"":true,""V"":false}",False,[0],True,
93363,rank4_champion,"[[1,2],[1,3],[3,0],[4,4],[2,1]]","[2,3]",4,"[0,1,1,1,2]","[[0,1],[2],[3],[4]]","[1,1,1,2]","[0,1]","[[0,1],[2,3],[0,4],[1,2],[0,3],[2,4]]",6,"[[0,1],[2,2],[3,0],[1,4],[0,3]]",1,1289,"{""1"":5,""2"":252,""3"":882,""4"":144,""5"":6}","{""A"":[4,1,4,1,4],""C"":[1,1,1,3,3],""B"":[1,3,3,3,3],""U"":[3,3,3,3,3],""V"":[1,3,3,3,3]}","{""A"":4,""C"":1,""B"":1,""U"":3,""V"":1}","{""A"":2,""C"":2,""B"":2,""U"":1,""V"":2}","{""A"":true,""C"":true,""B"":false,""U"":true,""V"":false}",False,[0],True,
93587,rank4_champion,"[[1,2],[1,3],[3,1],[4,4],[2,0]]",[5],4,"[0,1,1,1,2]","[[0,1],[2],[3],[4]]","[1,1,1,2]","[0,1]","[[0,1],[2,3],[1,4],[0,3],[2,4]]",5,"[[0,1],[2,2],[3,4],[1,0],[0,3]]",1,2110,"{""1"":5,""2"":300,""3"":1200,""4"":600,""5"":5}","{""A"":[4,1,4,1,4],""C"":[0,0,0,3,3],""B"":[3,3,0,3,0],""U"":[0,3,0,3,0],""V"":[3,3,0,3,0]}","{""A"":4,""C"":0,""B"":3,""U"":0,""V"":3}","{""A"":2,""C"":2,""B"":2,""U"":2,""V"":2}","{""A"":true,""C"":true,""B"":false,""U"":true,""V"":false}",False,[0],True,
95091,rank4_champion,"[[1,2],[1,3],[4,0],[3,1],[2,4]]","[1,2,2]",4,"[0,1,1,1,2]","[[0,1],[2],[3],[4]]","[1,1,1,2]","[0,1]","[[0,1],[2,3]]",2,"[[0,1],[1,0],[0,3],[4,2],[3,4]]",1,36,"{""2"":8,""3"":18,""4"":8,""5"":2}","{""A"":[3,1,3,3,1],""C"":[1,1,1,3,3],""B"":[1,1,3,3,1],""U"":[3,1,3,3,1],""V"":[1,1,3,3,1]}","{""A"":3,""C"":1,""B"":1,""U"":3,""V"":1}","{""A"":2,""C"":2,""B"":2,""U"":2,""V"":2}","{""A"":true,""C"":true,""B"":true,""U"":true,""V"":true}",False,[0],True,
95691,rank4_champion,"[[1,2],[1,3],[4,1],[3,0],[2,4]]","[1,4]",4,"[0,1,1,1,2]","[[0,1],[2],[3],[4]]","[1,1,1,2]","[0,1]","[[0,1],[2,3]]",2,"[[0,1],[1,2],[0,3],[4,0],[3,4]]",1,517,"{""1"":5,""2"":220,""3"":240,""4"":48,""5"":4}","{""A"":[3,1,3,3,1],""C"":[0,0,0,3,3],""B"":[3,0,0,0,0],""U"":[0,0,0,0,0],""V"":[3,0,0,0,0]}","{""A"":3,""C"":0,""B"":3,""U"":0,""V"":3}","{""A"":2,""C"":2,""B"":2,""U"":1,""V"":2}","{""A"":true,""C"":true,""B"":false,""U"":true,""V"":false}",False,[0],True,
100725,rank4_champion,"[[1,2],[2,1],[3,0],[1,4],[4,3]]","[1,2,2]",4,"[0,1,1,1,2]","[[0,3],[1],[2],[4]]","[1,1,1,2]","[0,3]","[[0,3],[2,4]]",2,"[[0,1],[2,0],[3,2],[1,4],[2,3]]",1,231,"{""1"":5,""2"":162,""3"":50,""4"":12,""5"":2}","{""A"":[2,1,2,1,2],""C"":[0,1,0,0,1],""B"":[0,0,1,0,1],""U"":[1,0,1,0,1],""V"":[0,0,1,0,1]}","{""A"":2,""C"":0,""B"":0,""U"":1,""V"":0}","{""A"":2,""C"":2,""B"":2,""U"":2,""V"":2}","{""A"":true,""C"":true,""B"":false,""U"":false,""V"":false}",False,[0],True,
101397,rank4_champion,"[[1,2],[2,1],[3,3],[1,4],[4,0]]","[1,4]",4,"[0,1,1,1,2]","[[0,3],[1],[2],[4]]","[1,1,1,2]","[0,3]","[[0,3],[2,4]]",2,"[[0,1],[2,3],[3,2],[4,4],[2,0]]",1,1081,"{""1"":5,""2"":220,""3"":660,""4"":192,""5"":4}","{""A"":[2,1,2,1,2],""C"":[3,1,3,3,1],""B"":[1,3,3,3,3],""U"":[3,3,3,3,3],""V"":[1,3,3,3,3]}","{""A"":2,""C"":3,""B"":1,""U"":3,""V"":1}","{""A"":2,""C"":2,""B"":2,""U"":1,""V"":2}","{""A"":true,""C"":true,""B"":false,""U"":true,""V"":false}",False,[0],True,
101850,rank4_champion,"[[1,2],[2,1],[3,4],[2,0],[4,3]]","[1,4]",4,"[0,1,1,1,2]","[[0],[1,3],[2],[4]]","[1,1,1,2]","[1,3]","[[1,3],[0,1],[1,2],[1,4]]",4,"[[0,1],[2,3],[1,0],[4,2],[2,4]]",1,1161,"{""1"":5,""2"":280,""3"":840,""4"":32,""5"":4}","{""A"":[4,4,2,2,4],""C"":[4,3,3,3,4],""B"":[3,4,3,3,4],""U"":[4,4,3,3,4],""V"":[3,4,3,3,4]}","{""A"":4,""C"":4,""B"":3,""U"":4,""V"":3}","{""A"":2,""C"":2,""B"":2,""U"":2,""V"":2}","{""A"":true,""C"":true,""B"":true,""U"":true,""V"":true}",False,[0],True,
110148,rank4_champion,"[[1,2],[2,3],[3,4],[2,0],[4,1]]",[5],4,"[0,1,1,1,2]","[[0],[1,3],[2],[4]]","[1,1,1,2]","[1,3]","[[1,3],[0,3],[0,2],[2,4],[1,4]]",5,"[[0,1],[2,3],[3,0],[2,4],[1,2]]",1,2110,"{""1"":5,""2"":300,""3"":1200,""4"":600,""5"":5}","{""A"":[4,4,2,2,4],""C"":[4,1,1,1,4],""B"":[4,1,1,1,1],""U"":[1,1,1,1,1],""V"":[4,1,1,1,1]}","{""A"":4,""C"":4,""B"":4,""U"":1,""V"":4}","{""A"":2,""C"":2,""B"":2,""U"":1,""V"":2}","{""A"":true,""C"":true,""B"":false,""U"":true,""V"":false}",False,[0],True,
117750,rank4_champion,"[[1,2],[3,0],[2,4],[1,1],[4,3]]",[5],4,"[0,1,1,1,2]","[[0,3],[1],[2],[4]]","[1,1,1,2]","[0,3]","[[0,3],[1,2],[0,4],[2,3],[1,4]]",5,"[[0,1],[1,2],[3,3],[2,4],[3,0]]",1,1010,"{""1"":5,""2"":200,""3"":600,""4"":200,""5"":5}","{""A"":[1,1,1,3,1],""C"":[0,1,0,0,0],""B"":[0,1,1,1,1],""U"":[1,1,1,1,1],""V"":[0,1,1,1,1]}","{""A"":1,""C"":0,""B"":0,""U"":1,""V"":0}","{""A"":2,""C"":2,""B"":2,""U"":1,""V"":2}","{""A"":true,""C"":true,""B"":true,""U"":true,""V"":true}",False,[0],True,
121766,rank4_champion,"[[1,2],[3,0],[4,3],[1,1],[2,4]]","[1,4]",4,"[0,1,1,1,2]","[[0,3],[1],[2],[4]]","[1,1,1,2]","[0,3]","[[0,3],[1,2]]",2,"[[1,0],[0,2],[3,3],[2,4],[3,1]]",1,393,"{""1"":5,""2"":140,""3"":180,""4"":64,""5"":4}","{""A"":[1,1,1,3,1],""C"":[0,1,0,0,0],""B"":[0,1,1,1,1],""U"":[1,1,1,1,1],""V"":[0,1,1,1,1]}","{""A"":1,""C"":0,""B"":0,""U"":1,""V"":0}","{""A"":2,""C"":2,""B"":2,""U"":1,""V"":2}","{""A"":true,""C"":true,""B"":true,""U"":true,""V"":true}",False,[0],True,
126000,rank4_champion,"[[1,2],[3,1],[2,0],[3,4],[4,3]]","[1,2,2]",4,"[0,1,1,1,2]","[[0],[1,3],[2],[4]]","[1,1,1,2]","[1,3]","[[1,3],[1,4]]",2,"[[0,1],[1,0],[0,2],[2,4],[4,3]]",1,34,"{""2"":16,""3"":12,""4"":4,""5"":2}","{""A"":[4,4,3,3,4],""C"":[4,3,3,3,4],""B"":[3,4,3,3,4],""U"":[4,4,3,3,4],""V"":[3,4,3,3,4]}","{""A"":4,""C"":4,""B"":3,""U"":4,""V"":3}","{""A"":2,""C"":2,""B"":2,""U"":2,""V"":2}","{""A"":true,""C"":true,""B"":true,""U"":true,""V"":true}",False,[0],True,
126120,rank4_champion,"[[1,2],[3,1],[2,0],[4,4],[3,3]]","[1,2,2]",4,"[0,1,1,1,2]","[[0],[1,4],[2],[3]]","[1,1,1,2]","[1,4]","[[1,4],[1,3]]",2,"[[0,1],[2,0],[3,2],[4,4],[3,3]]",1,38,"{""2"":16,""3"":16,""4"":4,""5"":2}","{""A"":[3,3,3,3,4],""C"":[4,4,4,3,4],""B"":[3,4,4,4,3],""U"":[4,4,4,4,3],""V"":[3,4,4,4,3]}","{""A"":3,""C"":4,""B"":3,""U"":4,""V"":3}","{""A"":2,""C"":2,""B"":2,""U"":2,""V"":2}","{""A"":true,""C"":true,""B"":false,""U"":false,""V"":false}",False,[0],True,
131720,rank4_champion,"[[1,2],[3,1],[4,4],[2,0],[3,3]]","[1,4]",4,"[0,1,1,1,2]","[[0],[1,4],[2],[3]]","[1,1,1,2]","[1,4]","[[1,4],[1,3],[0,1],[1,2]]",4,"[[1,0],[2,3],[4,4],[0,2],[1,1]]",1,1417,"{""1"":5,""2"":280,""3"":1080,""4"":48,""5"":4}","{""A"":[1,1,1,3,3],""C"":[0,1,1,0,1],""B"":[1,0,0,0,0],""U"":[0,0,0,0,0],""V"":[1,0,0,0,0]}","{""A"":1,""C"":0,""B"":1,""U"":0,""V"":1}","{""A"":2,""C"":2,""B"":2,""U"":1,""V"":2}","{""A"":true,""C"":true,""B"":false,""U"":true,""V"":false}",False,[0],True,
131792,rank4_champion,"[[1,2],[3,1],[4,4],[2,3],[3,0]]","[1,1,3]",4,"[0,1,1,1,2]","[[0],[1,4],[2],[3]]","[1,1,1,2]","[1,4]","[[1,4],[0,1],[1,2]]",3,"[[1,0],[2,1],[3,3],[1,4],[0,2]]",1,1105,"{""1"":5,""2"":260,""3"":810,""4"":27,""5"":3}","{""A"":[2,2,2,3,3],""C"":[3,4,4,3,4],""B"":[3,4,4,4,4],""U"":[4,4,4,4,4],""V"":[3,4,4,4,4]}","{""A"":2,""C"":3,""B"":3,""U"":4,""V"":3}","{""A"":2,""C"":2,""B"":2,""U"":1,""V"":2}","{""A"":true,""C"":true,""B"":false,""U"":true,""V"":false}",False,[0],True,
144448,rank4_champion,"[[1,2],[3,3],[2,0],[3,4],[4,1]]","[2,3]",4,"[0,1,1,1,2]","[[0],[1,3],[2],[4]]","[1,1,1,2]","[1,3]","[[1,3],[3,4],[1,4]]",3,"[[0,1],[1,2],[0,0],[2,4],[4,3]]",1,393,"{""1"":3,""2"":102,""3"":246,""4"":36,""5"":6}","{""A"":[4,4,3,3,4],""C"":[4,1,1,1,4],""B"":[4,1,1,1,1],""U"":[1,1,1,1,1],""V"":[4,1,1,1,1]}","{""A"":4,""C"":4,""B"":4,""U"":1,""V"":4}","{""A"":2,""C"":2,""B"":2,""U"":1,""V"":2}","{""A"":true,""C"":true,""B"":false,""U"":true,""V"":false}",False,[0],True,
144797,rank4_champion,"[[1,2],[3,3],[2,1],[4,4],[4,0]]",[5],4,"[0,1,1,1,2]","[[0],[1],[2],[3,4]]","[1,1,1,2]","[3,4]","[[3,4],[0,4],[0,2],[1,2],[1,3]]",5,"[[0,1],[2,2],[3,3],[3,4],[1,0]]",1,2110,"{""1"":5,""2"":300,""3"":1200,""4"":600,""5"":5}","{""A"":[1,1,4,1,4],""C"":[0,0,3,3,3],""B"":[0,3,3,3,3],""U"":[3,3,3,3,3],""V"":[0,3,3,3,3]}","{""A"":1,""C"":0,""B"":0,""U"":3,""V"":0}","{""A"":2,""C"":2,""B"":2,""U"":1,""V"":2}","{""A"":true,""C"":true,""B"":true,""U"":true,""V"":true}",False,[0],True,
145422,rank4_champion,"[[1,2],[3,3],[2,4],[1,1],[4,0]]","[2,3]",4,"[0,1,1,1,2]","[[0,3],[1],[2],[4]]","[1,1,1,2]","[0,3]","[[0,3],[1,2],[3,4],[0,1],[2,3],[1,4]]",6,"[[0,1],[1,2],[3,0],[4,4],[3,3]]",1,130,"{""2"":16,""3"":72,""4"":36,""5"":6}","{""A"":[1,1,1,3,1],""C"":[3,1,3,3,3],""B"":[1,3,3,1,3],""U"":[3,3,3,1,3],""V"":[1,3,3,1,3]}","{""A"":1,""C"":3,""B"":1,""U"":3,""V"":1}","{""A"":2,""C"":2,""B"":2,""U"":2,""V"":2}","{""A"":true,""C"":true,""B"":false,""U"":false,""V"":false}",False,[0],True,
147566,rank4_champion,"[[1,2],[3,3],[4,0],[1,1],[2,4]]","[1,2,2]",4,"[0,1,1,1,2]","[[0,3],[1],[2],[4]]","[1,1,1,2]","[0,3]","[[0,3],[1,2]]",2,"[[1,0],[0,2],[3,1],[4,4],[3,3]]",1,36,"{""2"":8,""3"":18,""4"":8,""5"":2}","{""A"":[1,1,1,3,1],""C"":[3,1,3,3,3],""B"":[1,3,3,1,3],""U"":[3,3,3,1,3],""V"":[1,3,3,1,3]}","{""A"":1,""C"":3,""B"":1,""U"":3,""V"":1}","{""A"":2,""C"":2,""B"":2,""U"":2,""V"":2}","{""A"":true,""C"":true,""B"":false,""U"":false,""V"":false}",False,[0],True,
147758,rank4_champion,"[[1,2],[3,3],[4,0],[2,4],[1,1]]","[2,3]",4,"[0,1,1,1,2]","[[0,4],[1],[2],[3]]","[1,1,1,2]","[0,4]","[[0,4],[1,2],[0,3],[2,4],[0,1],[2,3]]",6,"[[1,1],[2,2],[3,0],[0,4],[1,3]]",1,1433,"{""1"":5,""2"":252,""3"":882,""4"":288,""5"":6}","{""A"":[2,1,2,2,1],""C"":[0,3,0,3,0],""B"":[0,3,3,3,3],""U"":[3,3,3,3,3],""V"":[0,3,3,3,3]}","{""A"":2,""C"":0,""B"":0,""U"":3,""V"":0}","{""A"":2,""C"":2,""B"":2,""U"":1,""V"":2}","{""A"":true,""C"":true,""B"":true,""U"":true,""V"":true}",False,[0],True,
147763,rank4_champion,"[[1,2],[3,3],[4,0],[2,4],[2,1]]","[2,3]",4,"[0,1,1,1,2]","[[0],[1],[2],[3,4]]","[1,1,1,2]","[3,4]","[[3,4],[1,4],[1,3]]",3,"[[1,1],[2,3],[3,4],[2,0],[0,2]]",1,641,"{""1"":5,""2"":270,""3"":324,""4"":36,""5"":6}","{""A"":[1,1,2,1,2],""C"":[0,0,3,3,3],""B"":[0,3,3,3,3],""U"":[3,3,3,3,3],""V"":[0,3,3,3,3]}","{""A"":1,""C"":0,""B"":0,""U"":3,""V"":0}","{""A"":2,""C"":2,""B"":2,""U"":1,""V"":2}","{""A"":true,""C"":true,""B"":true,""U"":true,""V"":true}",False,[0],True,
150158,rank4_champion,"[[1,2],[3,3],[4,4],[2,0],[1,1]]",[5],4,"[0,1,1,1,2]","[[0,4],[1],[2],[3]]","[1,1,1,2]","[0,4]","[[0,4],[1,2],[3,4],[0,1],[2,3]]",5,"[[1,1],[2,2],[3,3],[0,4],[2,0]]",1,2110,"{""1"":5,""2"":300,""3"":1200,""4"":600,""5"":5}","{""A"":[2,1,2,2,1],""C"":[4,3,4,3,4],""B"":[3,3,4,4,3],""U"":[4,3,4,4,3],""V"":[3,3,4,4,3]}","{""A"":2,""C"":4,""B"":3,""U"":4,""V"":3}","{""A"":2,""C"":2,""B"":2,""U"":2,""V"":2}","{""A"":true,""C"":true,""B"":false,""U"":false,""V"":false}",False,[0],True,
157320,rank4_champion,"[[1,2],[3,4],[2,0],[4,1],[3,3]]","[2,3]",4,"[0,1,1,1,2]","[[0],[1,4],[2],[3]]","[1,1,1,2]","[1,4]","[[1,4],[3,4],[1,3]]",3,"[[0,1],[2,0],[3,4],[4,2],[3,3]]",1,393,"{""1"":3,""2"":102,""3"":246,""4"":36,""5"":6}","{""A"":[3,3,3,3,4],""C"":[1,1,1,3,1],""B"":[1,3,3,3,3],""U"":[3,3,3,3,3],""V"":[1,3,3,3,3]}","{""A"":3,""C"":1,""B"":1,""U"":3,""V"":1}","{""A"":2,""C"":2,""B"":2,""U"":1,""V"":2}","{""A"":true,""C"":true,""B"":false,""U"":true,""V"":false}",False,[0],True,
157997,rank4_champion,"[[1,2],[3,4],[2,1],[4,3],[4,0]]","[1,4]",4,"[0,1,1,1,2]","[[0],[1],[2],[3,4]]","[1,1,1,2]","[3,4]","[[3,4],[0,3],[2,3],[1,3]]",4,"[[0,1],[2,3],[3,2],[3,4],[1,0]]",1,1161,"{""1"":5,""2"":280,""3"":840,""4"":32,""5"":4}","{""A"":[1,1,4,1,4],""C"":[0,0,4,4,4],""B"":[4,0,4,0,4],""U"":[0,0,4,0,4],""V"":[4,0,4,0,4]}","{""A"":1,""C"":0,""B"":4,""U"":0,""V"":4}","{""A"":2,""C"":2,""B"":2,""U"":2,""V"":2}","{""A"":true,""C"":true,""B"":false,""U"":true,""V"":false}",False,[0],True,
163363,rank4_champion,"[[1,2],[3,4],[4,0],[2,3],[2,1]]","[1,2,2]",4,"[0,1,1,1,2]","[[0],[1],[2],[3,4]]","[1,1,1,2]","[3,4]","[[3,4],[1,3]]",2,"[[1,0],[2,3],[1,4],[4,1],[0,2]]",1,187,"{""1"":5,""2"":128,""3"":48,""4"":4,""5"":2}","{""A"":[1,1,2,1,2],""C"":[0,0,4,4,4],""B"":[4,0,4,0,4],""U"":[0,0,4,0,4],""V"":[4,0,4,0,4]}","{""A"":1,""C"":0,""B"":4,""U"":0,""V"":4}","{""A"":2,""C"":2,""B"":2,""U"":2,""V"":2}","{""A"":true,""C"":true,""B"":false,""U"":true,""V"":false}",False,[0],True,
163920,rank4_champion,"[[1,2],[3,4],[4,1],[2,0],[3,3]]",[5],4,"[0,1,1,1,2]","[[0],[1,4],[2],[3]]","[1,1,1,2]","[1,4]","[[1,4],[3,4],[0,3],[0,2],[1,2]]",5,"[[1,1],[2,3],[0,4],[4,2],[1,0]]",1,610,"{""1"":5,""2"":200,""3"":300,""4"":100,""5"":5}","{""A"":[1,1,1,3,3],""C"":[0,4,4,0,4],""B"":[0,4,4,0,0],""U"":[4,4,4,0,0],""V"":[0,4,4,0,0]}","{""A"":1,""C"":0,""B"":0,""U"":4,""V"":0}","{""A"":2,""C"":2,""B"":2,""U"":2,""V"":2}","{""A"":true,""C"":true,""B"":false,""U"":false,""V"":false}",False,[0],True,
163992,rank4_champion,"[[1,2],[3,4],[4,1],[2,3],[3,0]]","[1,4]",4,"[0,1,1,1,2]","[[0],[1,4],[2],[3]]","[1,1,1,2]","[1,4]","[[1,4],[0,4],[0,2],[1,2]]",4,"[[1,0],[2,3],[0,4],[0,2],[3,1]]",1,1733,"{""1"":5,""2"":260,""3"":1080,""4"":384,""5"":4}","{""A"":[2,2,2,3,3],""C"":[3,1,1,3,1],""B"":[1,3,3,1,1],""U"":[3,3,3,1,1],""V"":[1,3,3,1,1]}","{""A"":2,""C"":3,""B"":1,""U"":3,""V"":1}","{""A"":2,""C"":2,""B"":2,""U"":2,""V"":2}","{""A"":true,""C"":true,""B"":false,""U"":false,""V"":false}",False,[0],True,
